ReturnForPortfolio,Percentile,Weight_equity,Weight_Gold,Weight_Gsec
0.14853113322852932,0.04995004995004995,0.3833342028599774,0.31706715399674246,0.29959864314328016,
0.14859794805607077,0.14985014985014986,0.3704825809702597,0.32981660999069234,0.29970080903904794,
0.14863670106497892,0.24975024975024976,0.3610242110721686,0.3391202792649136,0.2998555096629178,
0.14873351871579982,0.34965034965034963,0.39254404022243633,0.30984010336628576,0.2976158564112779,
0.14877825525273392,0.44955044955044954,0.3787322920430614,0.32333550558401564,0.29793220237292295,
0.1489397040561087,0.5494505494505495,0.3761160604264295,0.32705903386884333,0.2968249057047272,
0.14904575946668175,0.6493506493506493,0.31799055441619745,0.3832259194771984,0.29878352610660414,
0.14904697174404063,0.7492507492507493,0.29459361586500304,0.40551798527964855,0.2998883988553484,
0.14906348762793056,0.8491508491508492,0.3524006404488424,0.3505896518515469,0.2970097076996107,
0.1490705481676706,0.949050949050949,0.302205165172214,0.398448776506412,0.299346058321374,
0.14912398411318417,1.048951048951049,0.3009752729738449,0.4000278271373676,0.2989968998887875,
0.14921457804576155,1.1488511488511488,0.3667340459121227,0.3380916201281094,0.2951743339597679,
0.1492527252292219,1.2487512487512487,0.3773607690908924,0.328261991914389,0.2943772389947186,
0.1492870355991935,1.3486513486513487,0.3305167673609997,0.3731371545738078,0.29634607806519253,
0.14929459709970166,1.4485514485514486,0.2698998729767052,0.43092527040623674,0.299174856617058,
0.14933629501697496,1.5484515484515484,0.28870501369210927,0.41333375965148456,0.2979612266564062,
0.14934749166895192,1.6483516483516483,0.4069886132050799,0.3007680568975496,0.2922433298973705,
0.14937802823699325,1.7482517482517483,0.32366737440774856,0.38035467771920484,0.29597794787304665,
0.14938351763739244,1.8481518481518482,0.37070439092726887,0.335599369180559,0.29369623989217214,
0.14948396758898805,1.948051948051948,0.3698653149516194,0.33716493710659284,0.29296974794178776,
0.14949607373024915,2.047952047952048,0.2205441024408063,0.4794680978885242,0.2999877996706696,
0.14951695901953366,2.1478521478521477,0.3018550406749185,0.40218840656025767,0.2959565527648239,
0.14954180300201467,2.247752247752248,0.2876631601700343,0.415894056843876,0.2964427829860897,
0.14955352793062532,2.347652347652348,0.3818030954289792,0.3263263687594614,0.29187053581155936,
0.1495763581980236,2.4475524475524475,0.23941588883648995,0.4621075358418102,0.29847657532169986,
0.14959286959278795,2.5474525474525476,0.3196039433752281,0.3858638849553326,0.29453217166943935,
0.14959545263714574,2.647352647352647,0.36595878943916765,0.34173608716291637,0.292305123397916,
0.14959809642934202,2.7472527472527473,0.33483319554708596,0.371399705486199,0.29376709896671505,
0.1496688211820887,2.8471528471528473,0.39586253334748506,0.31381612127151703,0.2903213453809979,
0.14967472454599573,2.947052947052947,0.2629637493278763,0.44043153373141886,0.29660471694070484,
0.1496904140534568,3.046953046953047,0.35617868048134876,0.3517750529202156,0.29204626659843563,
0.14969923368520024,3.1468531468531467,0.27369240050686855,0.43040077095107787,0.2959068285420535,
0.14975641349233476,3.2467532467532467,0.3158047202303638,0.39073005859484805,0.2934652211747881,
0.1498145739703845,3.346653346653347,0.21983112908569552,0.4825773225065196,0.2975915484077849,
0.14982892759064867,3.4465534465534464,0.36874322166659906,0.340865691776261,0.2903910865571399,
0.14983784588722965,3.5464535464535465,0.3501831615730037,0.3586100010988702,0.29120683732812613,
0.14986381503763987,3.6463536463536466,0.22290645515916135,0.4800241545558368,0.29706939028500184,
0.1499730886122786,3.746253746253746,0.26422122534005216,0.4415104965920843,0.2942682780678635,
0.14998425401544643,3.8461538461538463,0.3274634355882375,0.38136496691359334,0.2911715974981692,
0.1500230183578483,3.946053946053946,0.4122531032704337,0.3009086170452944,0.2868382796842719,
0.1500461482778542,4.045954045954046,0.35464624112346316,0.35594882251982257,0.28940493635671427,
0.15006112488864284,4.145854145854146,0.30957835138858897,0.398984929314915,0.29143671929649606,
0.1500907839999971,4.245754245754246,0.3042078756354886,0.4043259753177929,0.29146614904671847,
0.15010279189225528,4.345654345654346,0.24681043598054436,0.45908186800113127,0.2941076960183243,
0.15010788583893392,4.445554445554445,0.2694106343452684,0.43759672034725616,0.2929926453074755,
0.1501079445167109,4.545454545454546,0.281693655088816,0.42589904397270006,0.2924073009384839,
0.150109766220674,4.6453546453546455,0.4016398917572071,0.3116783438510476,0.2866817643917453,
0.1501311414028932,4.745254745254745,0.24178548417402373,0.4640838508841426,0.29413066494183365,
0.15015148650669263,4.845154845154845,0.32031455783715895,0.3894494347548516,0.29023600740798944,
0.15017082424373057,4.945054945054945,0.4097952041892257,0.30437725493327356,0.28582754087750073,
0.15017638215128226,5.044955044955045,0.2971069880698926,0.41174185663342,0.2911511552966874,
0.15018278496618995,5.1448551448551445,0.2874333045843503,0.42100375007427354,0.29156294534137617,
0.1502040963149623,5.244755244755245,0.2138774118087972,0.49121964438942994,0.29490294380177284,
0.15025900928671818,5.344655344655345,0.3360923942172496,0.3752433262350459,0.28866427954770446,
0.1502695678732454,5.444555444555444,0.23552215733788945,0.47110514223488437,0.2933727004272262,
0.15029265089778188,5.544455544455545,0.33313963573132827,0.37831216960878566,0.28854819465988607,
0.15030877716526786,5.644355644355644,0.3284353409819322,0.38291549950797643,0.2886491595100914,
0.1503487253405081,5.744255744255744,0.2310848736995867,0.47593511260264676,0.2929800136977665,
0.1503527021626822,5.8441558441558445,0.34097116470150307,0.37131176442563757,0.28771707087285936,
0.15036501482124265,5.944055944055944,0.39768933431045955,0.3173883653389288,0.28492230035061167,
0.15037752990938624,6.043956043956044,0.40971143137009886,0.3060342320758674,0.28425433655403376,
0.15039705536897316,6.143856143856143,0.35268678235306444,0.36049244588143325,0.2868207717655023,
0.15040219232149774,6.243756243756244,0.3031988542259571,0.4076630383416447,0.2891381074323982,
0.150414379136097,6.343656343656344,0.21976130913714936,0.48722041593392806,0.29301827492892263,
0.1505108283212477,6.443556443556443,0.3768261005336601,0.3383707048637786,0.28480319460256126,
0.1505236263987091,6.543456543456544,0.23355846293665777,0.47491383128992154,0.2915277057734207,
0.1505465145691713,6.643356643356643,0.4039702172746917,0.3127914361147644,0.2832383466105439,
0.1505511282966683,6.743256743256743,0.23409262681031545,0.4746149467637921,0.29129242642589237,
0.15056575397413569,6.8431568431568435,0.2766139454574957,0.4342300172964165,0.2891560372460878,
0.1505985871195372,6.943056943056943,0.3291074650821702,0.3844866717300553,0.2864058631877745,
0.15061368084511403,7.042957042957043,0.3609471116579747,0.354278342470264,0.28477454587176126,
0.1506154850155157,7.142857142857143,0.2694963546117864,0.44138813539246247,0.2891155099957511,
0.15071169296017933,7.242757242757243,0.3247826979768001,0.3894685142985689,0.2857487877246311,
0.15072118257545725,7.3426573426573425,0.27752332194124846,0.43454988597625244,0.2879267920824991,
0.15072342430003974,7.442557442557442,0.3321005085361974,0.38258867726809415,0.2853108141957085,
0.1507624469525146,7.542457542457543,0.23331730438752013,0.4769657408560341,0.28971695475644577,
0.15078072173785495,7.642357642357642,0.3141480834808141,0.40012342578929816,0.2857284907298878,
0.1507907807264829,7.742257742257742,0.4074787436859382,0.3113137650934475,0.2812074912206143,
0.15089261495246004,7.842157842157842,0.22093552639119568,0.4897511197865486,0.2893133538222557,
0.15096001206171217,7.942057942057942,0.40474543092808685,0.3152081811317779,0.28004638794013526,
0.15099884420681406,8.041958041958042,0.3959659056402603,0.3238659350469469,0.2801681593127928,
0.15101004491947156,8.141858141858142,0.33999068477156785,0.37726117369999107,0.2827481415284411,
0.15103266156128983,8.241758241758241,0.2788176042686363,0.43569386386584713,0.2854885318655166,
0.1510938086367088,8.341658341658341,0.33651836733985335,0.38120727425628886,0.28227435840385784,
0.15112419987883585,8.441558441558442,0.3461869141086948,0.37223101678577053,0.28158206910553474,
0.15114073692308067,8.54145854145854,0.3683021122950983,0.3512950868746799,0.28040280083022184,
0.15114757828370176,8.641358641358641,0.38504275552730155,0.33540380527510844,0.27955343919759,
0.15116337771451843,8.741258741258742,0.21483874096787542,0.4976235447537434,0.28753771427838126,
0.1511794567753745,8.84115884115884,0.2605431217242236,0.45421821472570145,0.2852386635500749,
0.15119378602857014,8.941058941058941,0.21588661406878357,0.4968575893294713,0.28725579660174505,
0.15119707590320444,9.040959040959041,0.3709485722706905,0.349204521222833,0.2798469065064765,
0.15120128032130298,9.14085914085914,0.40610629744879495,0.31575302769028296,0.2781406748609221,
0.1512028109802441,9.24075924075924,0.26503040314549303,0.45012280593137816,0.2848467909231288,
0.15120775861312222,9.340659340659341,0.41754030537293124,0.3049129181447363,0.27754677648233245,
0.1512580667209555,9.44055944055944,0.25130636151673685,0.4636149410474485,0.2850786974358147,
0.1512698756107976,9.54045954045954,0.21444145353306804,0.4988145080338888,0.28674403843304314,
0.15128395867736086,9.640359640359641,0.3426793163843132,0.3767905708577687,0.28053011275791817,
0.1512970662827418,9.74025974025974,0.3739195904168489,0.3471379186578403,0.27894249092531076,
0.15133082823058297,9.84015984015984,0.2975687501102328,0.420110669665823,0.2823205802239442,
0.15135657625030594,9.94005994005994,0.36164694854480145,0.3592802275681443,0.27907282388705423,
0.15137866020641422,10.03996003996004,0.34258836328221093,0.377599778978276,0.27981185773951306,
0.1513846974088891,10.13986013986014,0.2358343503721893,0.47931641126569746,0.2848492383621133,
0.15141098281650564,10.23976023976024,0.41138798065827703,0.312322908968145,0.27628911037357795,
0.15141664834412313,10.33966033966034,0.25586132969395886,0.46048687293957574,0.2836517973664654,
0.15143895236188004,10.43956043956044,0.36613611848546973,0.3556333656724108,0.2782305158421195,
0.15147840862036518,10.53946053946054,0.21559485803811335,0.4993071630339161,0.2850979789279705,
0.15149833469020307,10.639360639360639,0.32603386728123435,0.3942791111362718,0.27968702158249387,
0.15154314611558925,10.73926073926074,0.2834232733321324,0.4352025782620498,0.28137414840581776,
0.1515598674667782,10.839160839160838,0.36476226385120486,0.35786439901496236,0.2773733371338328,
0.15160880454539638,10.939060939060939,0.41718291574960137,0.3083133266235975,0.2745037576268011,
0.15166346742875578,11.03896103896104,0.3602276567505545,0.36297355815579385,0.27679878509365163,
0.1517153886424537,11.138861138861138,0.2176210808415308,0.4991856165910506,0.2831933025674186,
0.15173494132372678,11.238761238761239,0.33575886416037587,0.3868225441954954,0.27741859164412874,
0.15181279267036055,11.338661338661339,0.38064488307759375,0.34466793827245684,0.2746871786499494,
0.1518173941769514,11.438561438561438,0.39530317883563687,0.3307427558834999,0.27395406528086325,
0.15181923711759038,11.538461538461538,0.35042707581423,0.37349599676421075,0.27607692742155926,
0.15186746970780163,11.638361638361639,0.22402384870342235,0.4942481377157497,0.28172801358082794,
0.1518848726075659,11.738261738261738,0.4056377677729474,0.3214151525345806,0.272947079692472,
0.15188983111290413,11.838161838161838,0.288516540948032,0.4329970989532179,0.27848636009875005,
0.15189353619397644,11.938061938061939,0.3281225190762039,0.3953053607318782,0.2765721201919179,
0.15197096770896365,12.037962037962037,0.39973813932902874,0.3276907684534357,0.27257109221753556,
0.1519902787455443,12.137862137862138,0.4241224609693926,0.3046149328585877,0.2712626061720197,
0.15199123011205729,12.237762237762238,0.33386928526225806,0.39057766422306245,0.2755530505146795,
0.15201335345454078,12.337662337662337,0.42381422991150913,0.3050845497662739,0.27110122032221695,
0.1520347288216185,12.437562437562438,0.3158686875137063,0.4080530052885638,0.2760783071977299,
0.152050343783442,12.537462537462538,0.36036729043016585,0.36579249486017895,0.2738402147096552,
0.15207867252230833,12.637362637362637,0.3518424625119348,0.37412753718916547,0.27403000029889973,
0.15221413070408452,12.737262737262737,0.236358269074408,0.48514613395349027,0.2784955969721018,
0.15222851047148345,12.837162837162838,0.22896679095734057,0.49229536205602537,0.27873784698663406,
0.15227198604660738,12.937062937062937,0.22959792586261135,0.49202600550898246,0.27837606862840625,
0.1523094002928753,13.036963036963037,0.37873828404122517,0.35027293463789383,0.270988781320881,
0.15231278954398153,13.136863136863138,0.33593193936848725,0.3910667741252366,0.27300128650627614,
0.15231308161922033,13.236763236763236,0.395670790793973,0.33417481422560497,0.27015439498042204,
0.15232989092500251,13.336663336663337,0.3779418050204855,0.35118783309545576,0.2708703618840587,
0.15233437438205225,13.436563436563437,0.3498828841155284,0.3779448451093732,0.27217227077509837,
0.152344017276321,13.536463536463536,0.35457530814261423,0.3735494430150156,0.2718752488423702,
0.15234609922303166,13.636363636363637,0.4093193879093419,0.32142806917757855,0.26925254291307954,
0.1523492070932604,13.736263736263735,0.29743747272467397,0.4280060704972337,0.27455645677809226,
0.152356101716854,13.836163836163836,0.2748128138669515,0.44960598836240545,0.27558119777064305,
0.15235614421766547,13.936063936063936,0.31706910398666405,0.40936219551381886,0.2735687004995171,
0.15241642511576545,14.035964035964035,0.2987023500658131,0.42731430748512417,0.27398334244906275,
0.15242836978893848,14.135864135864136,0.4315902487801995,0.3008454450360777,0.2675643061837228,
0.1524502009944881,14.235764235764236,0.37875371098669947,0.35133257155051756,0.26991371746278303,
0.15245045083333775,14.335664335664335,0.3767697342896988,0.35322398094236107,0.27000628476794014,
0.15245585936871964,14.435564435564435,0.36467193137697734,0.3647869748546689,0.2705410937683538,
0.1524616842366152,14.535464535464536,0.37471391125576464,0.35526762161915204,0.2700184671250833,
0.15246241008996622,14.635364635364635,0.34751718381702595,0.38117482531248603,0.27130799087048807,
0.15247290317233125,14.735264735264735,0.23525089139317484,0.4881752506904246,0.27657385791640055,
0.15248182086906914,14.835164835164836,0.2937337926477735,0.4325452494523354,0.2737209578998911,
0.15250080542670968,14.935064935064934,0.33296822994747927,0.3953239444800399,0.27170782557248085,
0.15250615629168773,15.034965034965035,0.23085591078658813,0.49261467576289153,0.2765294134505204,
0.1525360129089123,15.134865134865136,0.38027699039578017,0.3505365851626677,0.2691864244415521,
0.15255011845853578,15.234765234765234,0.3198729551342852,0.4081719098829345,0.2719551349827803,
0.15258751163345702,15.334665334665335,0.27636013448578595,0.44989803890091357,0.2737418266133005,
0.15265084355108624,15.434565434565435,0.38798098485165927,0.34407561590692093,0.2679433992414198,
0.15265145541431563,15.534465534465534,0.4220524472228749,0.3116312474843405,0.2663163052927846,
0.15265356635157667,15.634365634365635,0.2903157988236961,0.43711092650293704,0.2725732746733668,
0.15266368431780458,15.734265734265735,0.39759188131872664,0.33502035092059607,0.2673877677606773,
0.152664669069585,15.834165834165834,0.2903074773919208,0.43720356698980456,0.2724889556182746,
0.15266655718530717,15.934065934065934,0.3201391811299626,0.40880680506026545,0.271054013809772,
0.1526751379749574,16.033966033966035,0.2395847806344929,0.48559081404277443,0.27482440532273267,
0.15269258474019834,16.133866133866135,0.4312421442790903,0.30319297081065794,0.26556488491025176,
0.15269312696125903,16.233766233766232,0.4231307385098027,0.3109222623953899,0.2659469990948074,
0.15270951619331297,16.333666333666333,0.35393934531719823,0.3769439307612153,0.2691167239215865,
0.1527470056188897,16.433566433566433,0.3437604647995281,0.3869241598399308,0.2693153753605411,
0.15275332659597737,16.533466533466534,0.34029594847990824,0.3902719317073343,0.2694321198127575,
0.15281036515306815,16.633366633366634,0.29194819413266776,0.43675266011069114,0.27129914575664105,
0.15283653472597897,16.733266733266735,0.336839295375379,0.3941988746360527,0.2689618299885683,
0.15284313104659633,16.833166833166832,0.4311537428428808,0.30442585231512564,0.26442040484199353,
0.1528747614806756,16.933066933066932,0.38381561191809394,0.3497511662842534,0.2664332217976527,
0.1528870822763027,17.032967032967033,0.248959045209648,0.47828010104743507,0.2727608537429169,
0.15292040508106697,17.132867132867133,0.255572000779747,0.47223630093398333,0.27219169828626966,
0.1529426814901081,17.232767232767234,0.41183418000295463,0.32358503423971896,0.2645807857573264,
0.15296504228294558,17.332667332667334,0.3834179595390043,0.3508187384113532,0.2657633020496425,
0.15298282006986158,17.43256743256743,0.37620798565049646,0.35782103257852327,0.26597098177098033,
0.15300411434073904,17.532467532467532,0.4128419347381655,0.3230940084113887,0.2640640568504458,
0.15302477017632368,17.632367632367632,0.34657972482436633,0.3863585310341796,0.26706174414145406,
0.15307817652524153,17.732267732267733,0.41274928992511223,0.3237473465704943,0.26350336350439346,
0.1531064187304756,17.832167832167833,0.37025875296597605,0.36443004812534296,0.265311198908681,
0.15310928304416926,17.93206793206793,0.40011275784157235,0.33601949552914917,0.2638677466292785,
0.15310976869724147,18.03196803196803,0.321765173406444,0.41064000625916125,0.26759482033439475,
0.15312499365956495,18.13186813186813,0.3434590064242929,0.39009536545028584,0.2664456281254213,
0.15312583023215626,18.231768231768232,0.3070224484771689,0.4248032593722336,0.26817429215059746,
0.15313257255968965,18.331668331668332,0.3968173947501062,0.33933564130515503,0.2638469639447388,
0.15315793445200743,18.431568431568433,0.23012201578245423,0.4982867834105504,0.2715912008069954,
0.15318124663468108,18.53146853146853,0.3148659369671199,0.4177560995064064,0.2673779635264737,
0.1531902883409088,18.63136863136863,0.4011087949576935,0.3356889698767676,0.26320223516553887,
0.15320332386822078,18.73126873126873,0.3572654175121526,0.3775440628430412,0.26519051964480617,
0.15321253362628495,18.83116883116883,0.3995755178982408,0.3373189695503214,0.26310551255143777,
0.15322295693954893,18.931068931068932,0.35609105267853386,0.37881230952083983,0.2650966378006263,
0.15324429515893195,19.030969030969032,0.2678774141202533,0.4629881776107203,0.2691344082690264,
0.1532741330747391,19.13086913086913,0.2964023953110336,0.4360491752382589,0.26754842945070745,
0.15328483616329394,19.23076923076923,0.3032643413620241,0.42959564951741824,0.2671400091205577,
0.15329161485570553,19.33066933066933,0.2611467141440425,0.4697594290252106,0.2690938568307469,
0.15329650254444688,19.43056943056943,0.3420883862701731,0.392709356025002,0.2652022577048249,
0.15334311066081804,19.53046953046953,0.38939516806470703,0.34801086959124494,0.262593962344048,
0.1533723437655159,19.630369630369632,0.2780396376547987,0.4542868909191541,0.26767347142604714,
0.15338167098801628,19.73026973026973,0.39795727503919737,0.3401506963992325,0.2618920285615701,
0.15339428812104905,19.83016983016983,0.3251858442905215,0.40955314534604903,0.2652610103634295,
0.1534005145485668,19.93006993006993,0.3188615761772107,0.41562377104249626,0.265514652780293,
0.15341400246438394,20.02997002997003,0.368649428677369,0.3683096464777779,0.2630409248448531,
0.15345894102998522,20.12987012987013,0.2970029947513713,0.43688728614426103,0.26610971910436765,
0.15346769480122668,20.22977022977023,0.25921922601247954,0.47293864830593385,0.2678421256815866,
0.15349193210245776,20.32967032967033,0.3041483483220006,0.4303339087572966,0.2655177429207028,
0.15353112226537538,20.42957042957043,0.4198333314699903,0.32045667510209874,0.25970999342791096,
0.15353257919425325,20.52947052947053,0.3167176873117444,0.4186732434620519,0.2646090692262037,
0.15356262742345853,20.62937062937063,0.2545947213834711,0.478067291179804,0.2673379874367249,
0.15361619062170662,20.72927072927073,0.3914661374137128,0.34812215499267724,0.26041170759361,
0.1536309206223564,20.829170829170828,0.3199144809964661,0.41637903467484766,0.26370648432868626,
0.15368181838269007,20.929070929070928,0.4055135499554559,0.3352444055416869,0.2592420445028572,
0.15371180961121414,21.02897102897103,0.40226724827171906,0.338564961148516,0.259167790579765,
0.15373228218880466,21.12887112887113,0.31633133280432807,0.4205649624950598,0.2631037047006122,
0.1537377093254625,21.22877122877123,0.2395741806388822,0.4937084788651834,0.26671734049593443,
0.15377436273699682,21.32867132867133,0.41644623215101434,0.325538445663152,0.2580153221858337,
0.15377795585086518,21.428571428571427,0.42616449190650113,0.31631036894816383,0.25752513914533504,
0.1537843196712298,21.528471528471528,0.2536857750886716,0.48062449817404473,0.2656897267372837,
0.1537966213639917,21.628371628371628,0.3378177463722208,0.4005926125587552,0.261589641069024,
0.15384011222441252,21.72827172827173,0.36461470049836514,0.37540352542515176,0.2599817740764831,
0.1538505886200793,21.82817182817183,0.24452121870694193,0.48985829534470654,0.2656204859483515,
0.15385370353845695,21.92807192807193,0.28175376374585653,0.45442246832302197,0.2638237679311215,
0.15385405734657026,22.027972027972027,0.3570616047218534,0.38270335882323187,0.26023503645491475,
0.15387819621590385,22.127872127872127,0.33021709282150885,0.40845376350668827,0.2613291436718029,
0.15390774748229935,22.227772227772228,0.42549488667490803,0.31793841720412475,0.2565666961209672,
0.15391616520619736,22.327672327672328,0.42601090385533796,0.3175112003111105,0.2564778958335515,
0.1539299997830398,22.42757242757243,0.37529231368593746,0.3659202168738177,0.25878746944024483,
0.15394165528920653,22.52747252747253,0.4189767886600854,0.32440485578741274,0.25661835555250184,
0.1539454902508886,22.627372627372626,0.33676512195201297,0.402731003433551,0.260503874614436,
0.1539474755191058,22.727272727272727,0.25377506196242366,0.4817843651686159,0.2644405728689604,
0.15395966922240706,22.827172827172827,0.4388026339131193,0.3056605325709763,0.2555368335159044,
0.15396365082594668,22.927072927072928,0.27518268525875694,0.4615195565219324,0.2632977582193107,
0.15399813611084398,23.026973026973028,0.2718387962746936,0.46496734277237434,0.26319386095293207,
0.15402416279654335,23.126873126873125,0.3847332874317337,0.35764728341298313,0.2576194291552832,
0.1540320962337264,23.226773226773226,0.37991858972322373,0.3622932466161895,0.25778816366058677,
0.1540626268504422,23.326673326673326,0.28830990508427595,0.44977263373196397,0.26191746118376,
0.15410941137242648,23.426573426573427,0.26422784449752684,0.47306491988608573,0.2627072356163874,
0.15414116097180877,23.526473526473527,0.2775743550944279,0.4605962014550292,0.2618294434505428,
0.1541459591616214,23.626373626373628,0.3618237700887517,0.38039521181161284,0.2577810180996355,
0.15415107548226667,23.726273726273725,0.3064036115389323,0.43321539450255664,0.260380993958511,
0.15415840581893128,23.826173826173825,0.33497673695681957,0.4060588044396427,0.25896445860353773,
0.15416469649294634,23.926073926073926,0.338213441700918,0.40302422482663713,0.25876233347244487,
0.15417543732809405,24.025974025974026,0.37344002112188096,0.36955702955958,0.25700294931853906,
0.1541831372341286,24.125874125874127,0.42260937636027157,0.32278778713163286,0.25460283650809556,
0.15419987770178145,24.225774225774227,0.34769724806037866,0.39426045886298394,0.2580422930766374,
0.15421500417812237,24.325674325674324,0.38066474158858027,0.36297823870587087,0.25635701970554886,
0.154232631234903,24.425574425574425,0.40684471944795725,0.3381794039967414,0.2549758765553014,
0.1542411326529232,24.525474525474525,0.37870817416198926,0.36504100166015996,0.2562508241778508,
0.15426152889980876,24.625374625374626,0.33507102081848045,0.40675585389760455,0.258173125283915,
0.15427729519120914,24.725274725274726,0.439029945593798,0.30786757612058835,0.25310247828561366,
0.15427797508932728,24.825174825174827,0.309431196135543,0.43130024029486097,0.25926856356959604,
0.15428279220565805,24.925074925074924,0.3566923081833591,0.3863263776550633,0.2569813141615776,
0.15432255368325706,25.024975024975024,0.24849046245962086,0.4896792203947395,0.26183031714563965,
0.15435730269307985,25.124875124875125,0.3644247472364311,0.3795306698063544,0.2560445829572145,
0.1543756293275731,25.224775224775225,0.3577390888400693,0.3860378032818878,0.2562231078780429,
0.15444220637761022,25.324675324675326,0.3440583219195737,0.3995751075482581,0.25636657053216827,
0.15446516498293503,25.424575424575426,0.2885028826775096,0.4526602682477562,0.25883684907473425,
0.1545200726691563,25.524475524475523,0.31272130072067633,0.43001404366946333,0.25726465560986034,
0.15452075802450888,25.624375624375624,0.3868879186489054,0.35938434386060625,0.2537277374904883,
0.15454378493863088,25.724275724275724,0.442231970578948,0.3068513805799142,0.25091664884113785,
0.15456770804808762,25.824175824175825,0.3885529175642483,0.35815686468979746,0.2532902177459543,
0.1545819601708108,25.924075924075925,0.3730167085420513,0.3730620114561228,0.2539212800018259,
0.15460006091146464,26.023976023976022,0.25887978559125285,0.48190203861076586,0.2592181757979813,
0.15462410618178024,26.123876123876123,0.38147364733457473,0.36532935778928033,0.25319699487614494,
0.15462808911776146,26.223776223776223,0.274069718854774,0.46764928342385254,0.2582809977213735,
0.15467545875398922,26.323676323676324,0.41700232424885914,0.33188432369355125,0.2511133520575896,
0.15469471273005098,26.423576423576424,0.40430343647110895,0.34412542249662154,0.2515711410322695,
0.15469528394215898,26.523476523476525,0.24859328784892415,0.49242527593083185,0.25898143622024405,
0.15471714707084241,26.623376623376622,0.36106064726422155,0.3854802404944146,0.25345911224136386,
0.15472385942271594,26.723276723276722,0.2643512185809343,0.477635746133055,0.2580130352860107,
0.154746710979184,26.823176823176823,0.4290561717794223,0.32094812452041893,0.2499957037001588,
0.154755110221752,26.923076923076923,0.32839148983370353,0.4168834121728825,0.254725097993414,
0.15479128283750498,27.022977022977024,0.4271444656657262,0.32310888800448656,0.24974664632978721,
0.15479385789659056,27.122877122877124,0.39366595867949156,0.35501285324116133,0.2513211880793471,
0.154811345692311,27.22277722277722,0.38613272145881866,0.3623208048141856,0.25154647372699573,
0.15486304887314706,27.322677322677322,0.24922584039467205,0.4931029146003689,0.2576712450049591,
0.1548698602259378,27.422577422577422,0.3521832526108322,0.39510013160306146,0.2527166157861064,
0.1548736004685936,27.522477522477523,0.3721536554186588,0.37610922414161785,0.2517371204397234,
0.15490881139312537,27.622377622377623,0.29621184062954004,0.44870348263159043,0.2550846767388695,
0.1549582083248672,27.722277722277724,0.43719003191920597,0.3148153396667149,0.24799462841407918,
0.15495893602257674,27.82217782217782,0.2616882030179222,0.4819656210851721,0.25634617589690567,
0.15497442923013263,27.92207792207792,0.338559436266851,0.40887308116267407,0.252567482570475,
0.15500901439299736,28.021978021978022,0.2955901126744464,0.45006016800522325,0.25434971932033035,
0.15501565797972616,28.121878121878122,0.3612576164881332,0.38757033103561667,0.25117205247625013,
0.15502193621492322,28.221778221778223,0.3101904067911965,0.43625371049955414,0.25355588270924934,
0.15503734947901696,28.321678321678323,0.36028115328322324,0.38866580592144195,0.2510530407953348,
0.1550429287115404,28.42157842157842,0.3805741746495634,0.36938167420355883,0.25004415114687784,
0.1550437267056356,28.52147852147852,0.29228768074361106,0.45347020357086326,0.2542421156855257,
0.15504783174232767,28.62137862137862,0.2598541713297187,0.48439060619549495,0.2557552224747863,
0.15505920743213727,28.721278721278722,0.3566941823464717,0.39224875064747405,0.25105706700605424,
0.1551086996069485,28.821178821178822,0.37339371775143576,0.3767220511302497,0.24988423111831456,
0.15514661028994717,28.92107892107892,0.37452368493867666,0.37593515493642493,0.2495411601248984,
0.15517179349717766,29.02097902097902,0.2952830347364657,0.4515946509827031,0.2531223142808311,
0.15520566409614828,29.12087912087912,0.3382528829776113,0.4109293916121525,0.2508177254102362,
0.15521367887782728,29.22077922077922,0.3696938854348278,0.3810467103706085,0.24925940419456372,
0.15522093175194032,29.32067932067932,0.32683785243226143,0.42191735210324827,0.2512447954644903,
0.15523198925423953,29.420579420579422,0.3006859446864078,0.44690832058998087,0.2524057347236113,
0.1552583564883425,29.52047952047952,0.276301572474787,0.47033273600912595,0.25336569151608707,
0.15526992532711817,29.62037962037962,0.39156217115923103,0.3606489237409152,0.2477889050998538,
0.15528598658827122,29.72027972027972,0.3281034446522086,0.42120840283741096,0.25068815251038046,
0.1553145715039318,29.82017982017982,0.27315043777140297,0.4737627475276539,0.2530868147009431,
0.15535780158174578,29.92007992007992,0.2960066012688532,0.4523248074377059,0.2516685912934409,
0.15536211550615947,30.01998001998002,0.40376814385738163,0.3497276028901567,0.2465042532524617,
0.15537259738369344,30.11988011988012,0.4128021790181084,0.34120373139368504,0.2459940895882066,
0.15537478651384418,30.21978021978022,0.2808670899404923,0.4668729983044259,0.2522599117550818,
0.15538828383480108,30.31968031968032,0.3321085044886997,0.4181745996176497,0.2497168958936506,
0.1553893920746589,30.41958041958042,0.4513945891915249,0.3045771723108231,0.24402823849765198,
0.15540533021712394,30.51948051948052,0.2531651557746743,0.4934888660451499,0.2533459781801758,
0.1554297785547891,30.61938061938062,0.4063292070847046,0.34780477178119007,0.24586602113410533,
0.15544046957664245,30.719280719280718,0.26991939412005556,0.47780055443969516,0.2522800514402493,
0.15549468212831075,30.81918081918082,0.4000123847813228,0.35431602114159033,0.24567159407708689,
0.15560644973657065,30.91908091908092,0.27644081706695817,0.4728561226896624,0.2507030602433795,
0.15560652588679075,31.01898101898102,0.32746001286136545,0.42426695564633327,0.2482730314923013,
0.15569370932170956,31.11888111888112,0.4287103842903727,0.3285031773902425,0.2427864383193848,
0.15569949460420973,31.218781218781217,0.3138269289623625,0.4379602196280883,0.24821285140954924,
0.1557023566915833,31.318681318681318,0.28512094595510856,0.46532111046286373,0.2495579435820277,
0.15571069752793187,31.418581418581418,0.3601090521490405,0.3939674526704807,0.2459234951804788,
0.1557394223644115,31.51848151848152,0.35323875850712366,0.40072976912457847,0.24603147236829787,
0.15574558267518304,31.61838161838162,0.28261694786871067,0.4680356927644674,0.24934735936682195,
0.1557602905241251,31.71828171828172,0.34347881261961694,0.4101841899231792,0.2463369974572039,
0.1558028926304145,31.818181818181817,0.3299353728665387,0.42340777410006797,0.24665685303339335,
0.1558377726121153,31.918081918081917,0.37045133136748926,0.38508725612828765,0.2444614125042231,
0.15583907178576664,32.01798201798202,0.3671723156287186,0.38822004356843354,0.24460764080284786,
0.15586768121673267,32.11788211788212,0.4317304902254749,0.3269543139328744,0.24131519584165076,
0.1558749951531494,32.217782217782215,0.4172062640665923,0.3408427274041579,0.24195100852924983,
0.15591344599286172,32.31768231768232,0.40974272893760594,0.3482442469695025,0.24201302409289155,
0.15593566147480548,32.417582417582416,0.402820256468782,0.3550065902880285,0.24217315324318953,
0.1559701359503358,32.51748251748252,0.2973335313929701,0.4557332612545719,0.246933207352458,
0.1559732985305393,32.61738261738262,0.36913156971325606,0.3873782548791131,0.24349017540763085,
0.15598069156615973,32.717282717282714,0.26916846690079493,0.48263769390745753,0.24819383919174753,
0.1559885717485447,32.81718281718282,0.34506685822512145,0.4104135823663768,0.24451955940850173,
0.15601639947323165,32.917082917082915,0.32767376657720365,0.42719077391366445,0.24513545950913188,
0.15604756082148924,33.01698301698302,0.4116145534650623,0.3474848706537925,0.2409005758811452,
0.15605404872894382,33.116883116883116,0.4406938371066697,0.319839796910771,0.23946636598255927,
0.15608629967245,33.21678321678322,0.2625755931641868,0.48972243093717893,0.24770197589863424,
0.15614107815747233,33.31668331668332,0.2958037601251587,0.4584945006051445,0.24570173926969682,
0.15614409696058346,33.416583416583414,0.27790847866653673,0.47556067295675647,0.2465308483767068,
0.15616303261371497,33.51648351648352,0.41436931344319566,0.3457423537758937,0.23988833278091065,
0.15620204716008718,33.616383616383615,0.3075720419336094,0.4477518065563371,0.2446761515100535,
0.15620261578652958,33.71628371628372,0.3316249024386702,0.42484864124051047,0.24352645632081932,
0.15629368471955765,33.816183816183816,0.4155243707281215,0.3456391923960651,0.2388364368758134,
0.15632012306270407,33.91608391608391,0.2717777966122093,0.48274252635005427,0.24547967703773643,
0.1563307208618602,34.01598401598402,0.40783337813923554,0.353246543941037,0.23892007791972747,
0.1563458075523976,34.115884115884114,0.2778103762787328,0.4771931841988517,0.2449964395224155,
0.15635166728544994,34.21578421578422,0.2761427297466023,0.47882613081827075,0.24503113943512697,
0.1563664337419223,34.315684315684315,0.41724482191355255,0.3445557515053573,0.2381994265810902,
0.15636790812556442,34.41558441558441,0.4455587651305812,0.31760132007656383,0.236839914792855,
0.15637647710894859,34.515484515484516,0.40903491768281036,0.35245134630813635,0.2385137360090533,
0.15641414977130935,34.61538461538461,0.30269599795170327,0.4540140344810162,0.24328996756728055,
0.15642630276360248,34.71528471528472,0.43469684717004825,0.3283915712373579,0.23691158159259387,
0.15643243200638252,34.815184815184814,0.28695631029354945,0.4691437209020175,0.24389996880443301,
0.1564422733401186,34.91508491508492,0.39611658994500026,0.36525655969636867,0.23862685035863107,
0.15649130601260935,35.014985014985015,0.33982665624451697,0.4192401882894777,0.24093315546600536,
0.15653725159482104,35.11488511488511,0.35470269968532614,0.40542308813396594,0.23987421218070792,
0.1565653193817963,35.214785214785216,0.3093990321176581,0.4487836329452095,0.24181733493713234,
0.15658901466143116,35.31468531468531,0.358728596793021,0.40198385694364314,0.23928754626333587,
0.1566254593192955,35.41458541458542,0.25767401473774204,0.4985044688051086,0.24382151645714933,
0.15670164940916562,35.514485514485514,0.4444968577103742,0.32115915442602266,0.23434398786360314,
0.15672906415606241,35.61438561438561,0.3405086759062205,0.42040477348681093,0.23908655060696854,
0.15673530658813278,35.714285714285715,0.2637756266700169,0.49353155548759514,0.24269281784238794,
0.15673545717051576,35.81418581418581,0.4319479847660897,0.3333684292866596,0.23468358594725072,
0.15673906742204988,35.914085914085916,0.3492295446237231,0.41217550410407056,0.23859495127220637,
0.1567499733275024,36.01398601398601,0.3969881747588319,0.36677427266740675,0.23623755257376133,
0.15675105829510524,36.11388611388612,0.43769467994529637,0.32801442078671406,0.23429089926798957,
0.1567528866840351,36.213786213786214,0.37846377744654397,0.38443879886870336,0.23709742368475267,
0.1567715946250561,36.31368631368631,0.2921689626699269,0.4667671449206574,0.24106389240941567,
0.15682344658801028,36.413586413586415,0.3741841549824459,0.3890530149974106,0.23676283002014353,
0.15683986286197493,36.51348651348651,0.29988354531772826,0.45994081393186315,0.24017564075040856,
0.15687284874076296,36.613386613386616,0.41353635016500506,0.35195165012295926,0.2345119997120357,
0.15688677484001948,36.71328671328671,0.31270876423388366,0.4480842552465417,0.2392069805195746,
0.15689126470854783,36.81318681318681,0.4121782135452699,0.35338563101354364,0.23443615544118648,
0.15694774676694073,36.913086913086914,0.38380042253937047,0.3808430857514928,0.23535649170913675,
0.15695094113758704,37.01298701298701,0.44340187305544615,0.32410412888677215,0.2324939980577817,
0.15696421258476506,37.112887112887115,0.4261026468387528,0.3406808582610561,0.23321649490019108,
0.156971321760006,37.21278721278721,0.29415597144047007,0.4663987004108949,0.23944532814863506,
0.15699811501383565,37.31268731268731,0.30129574284543564,0.45980334914411686,0.2389009080104475,
0.15699864498748575,37.41258741258741,0.41738655385279017,0.3492446297569707,0.23336881639023918,
0.15700675951239987,37.51248751248751,0.37549380410349814,0.3892044326711441,0.23530176322535779,
0.15706631222335793,37.612387612387614,0.41444440803814847,0.3525629861430959,0.23299260581875567,
0.15707808063696072,37.71228771228771,0.4081929135654356,0.35860658969357856,0.23320049674098586,
0.15708254550914805,37.812187812187815,0.4341020295830001,0.33396528951530213,0.23193268090169777,
0.1570927399517231,37.91208791208791,0.3603152799224378,0.4043162241360379,0.2353684959415243,
0.15713215507037429,38.01198801198801,0.4195080398405449,0.34824286614149724,0.23224909401795785,
0.1571397225748704,38.11188811188811,0.44451170752175245,0.32448757190599437,0.23100072057225318,
0.15716946651929642,38.21178821178821,0.3056880066438184,0.4569276737147672,0.23738431964141438,
0.15719847262623657,38.311688311688314,0.39513449958882013,0.3719617920016532,0.23290370840952668,
0.1572151108917686,38.41158841158841,0.4100101720879156,0.3579214261558854,0.23206840175619897,
0.15723106944741141,38.51148851148851,0.28035087558722477,0.48152833254124616,0.2381207918715291,
0.15726993321995839,38.61138861138861,0.31629575873184207,0.44759161994462104,0.23611262132353686,
0.15727222451259348,38.71128871128871,0.4436630235373233,0.32630685150785127,0.23003012495482544,
0.15731348367068146,38.81118881118881,0.28738268370832926,0.47546019938746614,0.2371571169042046,
0.15735363368773664,38.91108891108891,0.45409724363552445,0.3169906548148458,0.22891210154962977,
0.15737886560423764,39.010989010989015,0.42109663552956506,0.3486123529309483,0.23029101153948667,
0.15738286925509298,39.11088911088911,0.28701795089285326,0.4763369860593881,0.23664506304775865,
0.1573844385928809,39.21078921078921,0.35474342851504964,0.4118484552727377,0.23340811621221266,
0.15741003456559632,39.31068931068931,0.45321347724045263,0.31826268442001404,0.22852383833953333,
0.1574140185368499,39.41058941058941,0.3308173306916174,0.4348609319844142,0.2343217373239684,
0.1574452652579962,39.51048951048951,0.3996056355133269,0.3695866266592469,0.23080773782742622,
0.15744833749552,39.61038961038961,0.2909281141687727,0.4731125500649555,0.23595933576627182,
0.15746389447842946,39.71028971028971,0.44283605615009686,0.32855690903698204,0.22860703481292113,
0.15747098510295704,39.81018981018981,0.3515576422802181,0.4155429018652327,0.23289945585454927,
0.1574988865127723,39.91008991008991,0.4093016212152692,0.36076148513083744,0.2299368936538934,
0.15754231856034764,40.00999000999001,0.29166071808794874,0.4731319203111609,0.2352073616008903,
0.157574935685489,40.10989010989011,0.37845063639132287,0.39072366423278615,0.23082569937589098,
0.15757514417988214,40.20979020979021,0.28987480879528355,0.4750832517437354,0.23504193946098106,
0.15761168570417053,40.30969030969031,0.4367712796209822,0.3354605591172889,0.22776816126172889,
0.15761434339519254,40.40959040959041,0.4441700904582337,0.3284343456819935,0.22739556385977283,
0.15761906092521133,40.50949050949051,0.33718407912918497,0.43036185972921226,0.23245406114160277,
0.15764157662269765,40.60939060939061,0.3972863820557527,0.3732933246522339,0.2294202932920134,
0.1576475891440118,40.70929070929071,0.2803910918119052,0.484668135498084,0.2349407726900108,
0.15766953868536018,40.80919080919081,0.4253925296688685,0.34673889868705654,0.22786857164407498,
0.1576906126611178,40.90909090909091,0.4546927289886537,0.3189947226590242,0.22631254835232212,
0.15770513457624008,41.00899100899101,0.3646878401292159,0.404824535378925,0.2304876244918591,
0.15773474088553574,41.10889110889111,0.3635142793822462,0.4061681134745576,0.23031760714319624,
0.15776168053743705,41.20879120879121,0.26825580433650814,0.49709609458899867,0.2346481010744932,
0.15778714775901473,41.30869130869131,0.36515457751137964,0.40500579541631554,0.22983962707230482,
0.15781368865565706,41.408591408591406,0.2991753138154007,0.468045749088696,0.23277893709590333,
0.15783414800661438,41.50849150849151,0.3443476240229519,0.4251805755434114,0.23047180043363671,
0.15783805105568718,41.60839160839161,0.3740273816148943,0.396943898568023,0.22902871981708273,
0.15784105495347509,41.70829170829171,0.41216136588502367,0.360648710222138,0.22718992389283832,
0.1578693027110324,41.80819180819181,0.34796727325469107,0.42200152324224716,0.23003120350306178,
0.15787625143097972,41.908091908091905,0.35569941490506146,0.4146905927998963,0.22960999229504225,
0.15793044625402966,42.00799200799201,0.399142183939234,0.3737300090259038,0.2271278070348622,
0.1579566281733559,42.107892107892106,0.2669206047086187,0.49985519228604475,0.23322420300533653,
0.15798490779727414,42.20779220779221,0.2824361986765915,0.48529420215797714,0.23226959916543136,
0.15799988633446094,42.30769230769231,0.41958302886378346,0.3547923601525223,0.22562461098369427,
0.15802164153170692,42.40759240759241,0.32396563798688943,0.4460226080122289,0.2300117540008816,
0.1580224343033736,42.50749250749251,0.3501798073014322,0.4210627620124754,0.22875743068609242,
0.15804554138104204,42.607392607392605,0.3328745834280444,0.43772025069593784,0.22940516587601778,
0.15807958272824765,42.70729270729271,0.3392357356274604,0.43192174608341094,0.22884251828912863,
0.15809135377373196,42.807192807192806,0.4316390288663428,0.34400835594494217,0.22435261518871505,
0.15810147351343143,42.90709290709291,0.4277699028322282,0.34777045579297045,0.22445964137480137,
0.1581642382094667,43.00699300699301,0.4312372760460816,0.34494709652180566,0.22381562743211275,
0.1581703602447087,43.106893106893104,0.2721324119282302,0.49652236841299624,0.2313452196587736,
0.15818274014159645,43.20679320679321,0.28082950958866953,0.48833387217949825,0.2308366182318322,
0.15820651355578197,43.306693306693305,0.32884728501658494,0.44278401642030163,0.2283686985631134,
0.15822787040760547,43.40659340659341,0.3270485955485803,0.44466001113935716,0.22829139331206258,
0.15823827542705968,43.506493506493506,0.3930131335681624,0.3819159844930881,0.22507088193874947,
0.15824195813516156,43.60639360639361,0.4236907402701859,0.3527272930598569,0.22358196666995725,
0.1582424826062464,43.70629370629371,0.3649443315314708,0.40868029907683623,0.22637536939169295,
0.15830800425068914,43.806193806193804,0.28370755046623625,0.4865486615915195,0.22974378794224426,
0.15831530344690095,43.90609390609391,0.3635530981479718,0.4105609175885301,0.2258859842634981,
0.15832392288259198,44.005994005994005,0.3813388816089381,0.3936878305322625,0.22497328785879944,
0.15836870731726835,44.10589410589411,0.2943976077375316,0.47683081972360264,0.2287715725388658,
0.15845105553282002,44.205794205794206,0.41818635781420294,0.35956500884020115,0.22224863334559591,
0.15855735659384118,44.3056943056943,0.37703640854778314,0.3995665593202146,0.22339703213200224,
0.15861605706748416,44.40559440559441,0.38086213796692153,0.39637089756820265,0.22276696446487584,
0.15862569372866492,44.505494505494504,0.2783061211404116,0.49411689961588995,0.22757697924369846,
0.158630910965551,44.60539460539461,0.37815690682363884,0.3990606475267404,0.22278244564962074,
0.1586397711178426,44.705294705294705,0.28653192513785825,0.4863902069452668,0.22707786791687498,
0.15866125634126846,44.8051948051948,0.4551813696976384,0.32593549865663,0.21888313164573156,
0.15866175429013357,44.905094905094906,0.46276873545238245,0.31871322983183786,0.21851803471577966,
0.158675451330082,45.004995004995,0.3474907232007964,0.42860640868817423,0.22390286811102936,
0.1586822625324249,45.10489510489511,0.28328924333414424,0.4898026932309418,0.226908063434914,
0.15869073214487717,45.204795204795204,0.32995490621090545,0.4454237945425582,0.22462129924653632,
0.15869430758223196,45.30469530469531,0.3061183480428971,0.4681525772648283,0.2257290746922746,
0.1587100160830662,45.404595404595405,0.36840684340735624,0.40895001265948683,0.22264314393315693,
0.15871352871787842,45.5044955044955,0.297165561194392,0.47682570754471,0.22600873126089796,
0.1587361785922002,45.604395604395606,0.27574731433683036,0.4973968754961714,0.22685581016699824,
0.1587385929174581,45.7042957042957,0.33256264922251105,0.4433054122966299,0.22413193848085902,
0.15877474944394068,45.80419580419581,0.42296978857341333,0.3574791872445232,0.21955102418206346,
0.15878252777594482,45.904095904095904,0.375308050512654,0.4029307038158446,0.22176124567150143,
0.15878895888879271,46.003996003996,0.3069447706817641,0.46808771031906393,0.22496751899917197,
0.15885616772874772,46.103896103896105,0.42305888792564467,0.3580155636727349,0.21892554840162043,
0.15894171000168794,46.2037962037962,0.44337590414268674,0.33931870899809813,0.21730538685921516,
0.15896198276034407,46.303696303696306,0.4622018370961622,0.3215439191081159,0.2162542437957219,
0.15898569194940648,46.4035964035964,0.3467482382899197,0.43168071749747805,0.22157104421260226,
0.1589896622975085,46.50349650349651,0.2763204329232695,0.49878516434345865,0.22489440273327183,
0.15910554833142157,46.603396603396604,0.27648293741682256,0.4995146248559894,0.22400243772718806,
0.15910996342547418,46.7032967032967,0.32335332407783185,0.45490981443488365,0.22173686148728447,
0.1591437361723091,46.803196803196805,0.2897523723656044,0.4871684365538192,0.2230791910805764,
0.1591457482111626,46.9030969030969,0.34938422126946295,0.43039150746238747,0.22022427126814959,
0.15914982057143415,47.002997002997006,0.4667043676709797,0.3186890204615222,0.2146066118674981,
0.1591785898548476,47.1028971028971,0.27773557063653603,0.49887895705605523,0.22338547230740877,
0.15921205824012932,47.2027972027972,0.46639108479159613,0.31946226754903817,0.2141466476593657,
0.1592311288266773,47.302697302697304,0.42334210129520106,0.3606068426158195,0.21605105608897945,
0.15925000266731193,47.4025974025974,0.4577297434294226,0.32800069184378794,0.21426956472678946,
0.15928825650633419,47.502497502497505,0.41887533473511035,0.3652968015855905,0.21582786367929913,
0.1592897861021812,47.6023976023976,0.32515772668621606,0.4545634068614929,0.22027886645229103,
0.15933819234687535,47.7022977022977,0.4358814861206622,0.34948147185381223,0.21463704202552558,
0.1593597368496727,47.8021978021978,0.329331413265979,0.45112219825915567,0.21954638847486532,
0.15937212411892376,47.9020979020979,0.31914051317154807,0.46092234156221323,0.21993714526623867,
0.15937454371826903,48.001998001998004,0.4612486050918229,0.32559965823589637,0.21315173667228068,
0.15940853719236991,48.1018981018981,0.3978405532540679,0.38624770102427275,0.21591174572165933,
0.1594111117239768,48.201798201798205,0.3505027164364248,0.43135103424872134,0.2181462493148539,
0.1594218942292413,48.3016983016983,0.3421278807108497,0.4394093465170461,0.2184627727721042,
0.15942203145736095,48.4015984015984,0.2841749443805239,0.4946037092196011,0.221221346399875,
0.1594375688768275,48.5014985014985,0.37144636770944056,0.41160655600145596,0.21694707628910348,
0.15943818564928475,48.6013986013986,0.4085508079279156,0.3762736724591359,0.2151755196129485,
0.1594570892302649,48.701298701298704,0.39394948031740745,0.3903239465674894,0.21572657311510313,
0.15948185684414828,48.8011988011988,0.30642299793397637,0.4738715464607456,0.21970545560527807,
0.15948363993350798,48.9010989010989,0.461391945182629,0.32629556329865733,0.21231249151871368,
0.1595062588019348,49.000999000999,0.3528829618599442,0.42981011773408845,0.21730692040596733,
0.15952968119139443,49.1008991008991,0.38516774583094543,0.39924139665065916,0.2155908575183954,
0.15954794565285427,49.2007992007992,0.30606724168296645,0.47471462915242524,0.21921812916460834,
0.15956970410585178,49.3006993006993,0.42584536795368183,0.36080615450881953,0.21334847753749867,
0.159587917173177,49.400599400599404,0.4868700054054094,0.30282637523876993,0.21030361935582068,
0.15958901127414404,49.5004995004995,0.3196198710026203,0.46212068958699215,0.21825943941038758,
0.15961132789140325,49.6003996003996,0.4687279397064292,0.3202831735774649,0.2109888867161059,
0.1596438012475153,49.7002997002997,0.34074793275625287,0.4424167655988701,0.21683530164487705,
0.15964525285694528,49.8001998001998,0.3137966975814707,0.46809570457562727,0.218107597842902,
0.15964807111762555,49.9000999000999,0.3222012668242465,0.4601128504162382,0.2176858827595153,
0.15970102849419313,50.0,0.45778802619458375,0.3313865752091049,0.2108253985963113,
0.15971540279807891,50.0999000999001,0.3909516036081004,0.3951500384947586,0.213898357897141,
0.1597202923835309,50.1998001998002,0.4357809016848469,0.35249274391209817,0.21172635440305493,
0.1597340782848877,50.2997002997003,0.44912744829994694,0.3398869256231724,0.21098562607688065,
0.15975257826094835,50.3996003996004,0.3744684062337517,0.41113198795655725,0.21439960580969103,
0.1597547966072899,50.4995004995005,0.39086807711997434,0.3955301679248743,0.2136017549551514,
0.15977093353255012,50.599400599400596,0.3830579824593872,0.4030914861227861,0.2138505314178267,
0.1597721641446414,50.6993006993007,0.3185526666930177,0.46453455772186353,0.2169127755851188,
0.15979580345318461,50.7992007992008,0.3890434030966295,0.3975808420906979,0.21337575481267262,
0.15982636910547235,50.8991008991009,0.33914555373817784,0.4453358606004315,0.21551858566139065,
0.15984018731429678,50.999000999001,0.33576820499164645,0.44865782060473536,0.2155739744036182,
0.15986904657764806,51.0989010989011,0.46008161797911856,0.33048420210490875,0.20943417991597268,
0.1598722227048659,51.1988011988012,0.43403695879125787,0.35531289302260977,0.2106501481861324,
0.15987970581564315,51.298701298701296,0.46139023022637066,0.32931923524943224,0.20929053452419707,
0.15988563601255665,51.3986013986014,0.2922610550476777,0.4904400137291156,0.21729893122320673,
0.1598929034308324,51.4985014985015,0.37727356152317065,0.4095311102908956,0.21319532818593373,
0.15990832295641869,51.5984015984016,0.3488404614955016,0.43672792739985,0.21443161110464842,
0.15993875867209084,51.6983016983017,0.40426247322943626,0.3841772468320546,0.21156027993850912,
0.15994293054715783,51.798201798201795,0.4642662633101415,0.3270625676283833,0.20867116906147523,
0.15994587163590998,51.8981018981019,0.2948037442492302,0.4884780094013268,0.21671824634944298,
0.1599773261399338,51.998001998001996,0.40712160945668613,0.3817485330611324,0.2111298574821815,
0.15997825249175315,52.0979020979021,0.4377049186534144,0.35262861745766666,0.209666463888919,
0.1599827242727787,52.1978021978022,0.3155927324197388,0.46896014847379597,0.21544711910646525,
0.15998789068775401,52.2977022977023,0.2979374301843501,0.4858141555884857,0.21624841422716423,
0.16000980954870178,52.3976023976024,0.408487785087468,0.38069526540044973,0.21081694951208224,
0.1600117732898998,52.497502497502495,0.2848697299911213,0.4984418216555091,0.21668844835336956,
0.16003069755673424,52.5974025974026,0.3544827416717314,0.4322880585476374,0.2132291997806312,
0.1600644913027386,52.697302697302696,0.427394999616377,0.36310560992390145,0.20949939045972155,
0.16013264980685704,52.7972027972028,0.3251142764354243,0.4610359572759606,0.21384976628861513,
0.16013824198316462,52.8971028971029,0.3525711030902899,0.43492924730999205,0.21249964959971804,
0.16014089307448812,52.997002997002994,0.4674004025903595,0.32558815281587306,0.20701144459376747,
0.16024717910277,53.0969030969031,0.4295006618410003,0.3624941495029824,0.2080051886560173,
0.16025507689323581,53.196803196803195,0.29992258030044777,0.48596220346953545,0.21411521623001678,
0.16028432474064222,53.2967032967033,0.2906060682569363,0.4950582441943575,0.21433568754870622,
0.1603010768863285,53.396603396603396,0.48489422643109875,0.3101495803681375,0.20495619320076372,
0.16032078731774604,53.49650349650349,0.4921097379295368,0.303428052686849,0.2044622093836142,
0.16039669072736493,53.5964035964036,0.3575174606155583,0.4321904274000853,0.21029211198435643,
0.16042464053349598,53.696303696303694,0.4006986010383388,0.3912787607376444,0.2080226382240168,
0.16043305426292745,53.7962037962038,0.44794153479525606,0.346349653435592,0.20570881176915198,
0.16048492634888661,53.896103896103895,0.355224184603721,0.4350477517541952,0.2097280636420838,
0.16050722565961095,53.996003996004,0.4871038112602922,0.3096181565028211,0.20327803223688673,
0.1605082930052469,54.095904095904096,0.3100530384444234,0.47824621531112305,0.21170074624445356,
0.1605197584349121,54.19580419580419,0.4610170142024051,0.33455837130380717,0.20442461449378774,
0.16052204638158993,54.2957042957043,0.4490536901136987,0.34596947951313584,0.20497683037316544,
0.1605247068488832,54.395604395604394,0.30906813372262526,0.47930946048454565,0.2116224057928291,
0.1605329719287964,54.4955044955045,0.3464686047613848,0.4437530002751875,0.20977839496342773,
0.1605365197646458,54.595404595404595,0.4662915819568238,0.3296628608493487,0.2040455571938275,
0.16057936130708456,54.69530469530469,0.45455324284495374,0.3411691271526897,0.20427763000235657,
0.16066894606022636,54.795204795204796,0.3876462679402614,0.4055736495321575,0.20678008252758107,
0.16067529462921196,54.89510489510489,0.3590363563845829,0.4328696460226607,0.20809399759275637,
0.16068208084581742,54.995004995005,0.46554089421865225,0.33148845373045915,0.2029706520508886,
0.16068838653813225,55.094905094905094,0.4225139806934129,0.37251461181364176,0.20497140749294535,
0.16069220848697496,55.1948051948052,0.49587783640946653,0.302673380691348,0.20144878289918547,
0.16076361955341045,55.294705294705295,0.3256218124833326,0.4653669775782394,0.20901120993842798,
0.1607959784365097,55.39460539460539,0.48834165170533633,0.31064248442176784,0.20101586387289583,
0.16079622623493822,55.494505494505496,0.35429850373208743,0.4383046153976432,0.2073968808702694,
0.16081100616871147,55.59440559440559,0.3559334321568424,0.43686031247967017,0.2072062553634874,
0.16082641830006264,55.6943056943057,0.4249291584177997,0.3712676426148849,0.2038031989673154,
0.16082907975219235,55.794205794205794,0.4284428651575047,0.36794155989634875,0.20361557494614657,
0.16083532478407384,55.89410589410589,0.49422323348974734,0.3053411917956354,0.20043557471461723,
0.16084787683984225,55.994005994005995,0.49648405433019965,0.3032838013749425,0.20023214429485786,
0.1608532691972079,56.09390609390609,0.4112246955633903,0.3845243982937425,0.20425090614286717,
0.16088023956898329,56.193806193806196,0.37362870553108024,0.42053591868955853,0.20583537577936123,
0.16092172688004686,56.29370629370629,0.48394972719895674,0.3157847513164755,0.20026552148456778,
0.1609479861495782,56.39360639360639,0.47544505517588215,0.32408480719639327,0.20047013762772461,
0.16095597728157784,56.493506493506494,0.337580715031685,0.4554452543719059,0.20697403059640906,
0.16096284022324764,56.59340659340659,0.4029512932839356,0.3932398775804787,0.20380882913558573,
0.16096401313702183,56.693306693306695,0.34638749171042377,0.447119156199071,0.20649335209050523,
0.16100293281355083,56.79320679320679,0.33184252569977907,0.46126847818948147,0.20688899611073944,
0.1610541042315929,56.893106893106896,0.46708422813114875,0.33285720177819433,0.20005857009065692,
0.1610947393066547,56.99300699300699,0.3194552112510188,0.47376642621699727,0.20677836253198392,
0.16114439544410575,57.09290709290709,0.42381977961859446,0.37475040522383657,0.20142981515756897,
0.16115623221965994,57.192807192807194,0.40511652310313734,0.39265336060421213,0.20223011629265053,
0.1611573119118128,57.29270729270729,0.49963725470876313,0.30264178439165706,0.19772096089957977,
0.16118801661628354,57.392607392607395,0.3486427791960079,0.4466804398905531,0.204676780913439,
0.16122544205747283,57.49250749250749,0.3856799089511362,0.4116925169459915,0.20262757410287233,
0.16123117630722503,57.59240759240759,0.42454089268531353,0.3747257805909015,0.20073332672378497,
0.161231906175342,57.69230769230769,0.48521152645921345,0.31694974866205755,0.197838724878729,
0.16123650168666936,57.79220779220779,0.33406960373110234,0.46092961335581106,0.2050007829130866,
0.16124616092301328,57.892107892107894,0.42844010662790916,0.3711265753500895,0.20043331802200134,
0.161251534710378,57.99200799200799,0.4342784017517331,0.36560729271130127,0.20011430553696563,
0.16126206980997534,58.091908091908095,0.35292671048677576,0.443165538487993,0.2039077510252312,
0.161284260349799,58.19180819180819,0.43994823146072976,0.3604571519464508,0.19959461659281946,
0.16128998474823927,58.29170829170829,0.410377587722173,0.3886633696705917,0.20095904260723535,
0.16132028439628168,58.39160839160839,0.30560116368417384,0.4886817084082337,0.20571712790759245,
0.16134705544693603,58.49150849150849,0.37540297609459433,0.4224080070111681,0.20218901689423757,
0.16136492519974344,58.591408591408594,0.3098921905575483,0.48493562860830275,0.20517218083414893,
0.16137431538591612,58.69130869130869,0.4027899930206495,0.39653311064449,0.20067689633486052,
0.16138115561874006,58.79120879120879,0.490491708446749,0.31305979434694503,0.196448497206306,
0.16139062059955087,58.89110889110889,0.307603297392208,0.48731158808897396,0.20508511451881806,
0.16141675198088043,58.99100899100899,0.43265364785791766,0.36841530970041936,0.19893104244166301,
0.16143973732629718,59.09090909090909,0.354295914005662,0.44321716238203684,0.20248692361230114,
0.1614942728055751,59.19080919080919,0.3162204166987676,0.47989568239406066,0.2038839009071717,
0.16149580823628332,59.29070929070929,0.3059433733695977,0.4896950658750793,0.20436156075532297,
0.16149851388554246,59.39060939060939,0.3644544639029567,0.4339908188837226,0.20155471721332066,
0.16150335498491367,59.49050949050949,0.41901575600170066,0.382064581399789,0.19891966259851035,
0.1615492266987259,59.59040959040959,0.3022076064405516,0.49366053232687285,0.20413186123257554,
0.16156187941599054,59.69030969030969,0.41700310050509254,0.3844279473301743,0.19856895216473314,
0.1615798586380789,59.79020979020979,0.4475246824406662,0.3554969354504921,0.19697838210884175,
0.16159382312255852,59.89010989010989,0.3266293191984118,0.47074201719461983,0.20262866360696832,
0.1616163965439873,59.99000999000999,0.33303441073689094,0.46481416366548245,0.20215142559762658,
0.16161769885824148,60.08991008991009,0.4351429052349958,0.36757783961930635,0.19727925514569783,
0.16162823342013252,60.18981018981019,0.3711467456470375,0.42860699064697294,0.20024626370598958,
0.16163214317907254,60.28971028971029,0.48014771482478064,0.32482629506600996,0.1950259901092094,
0.1616394557966223,60.38961038961039,0.4856331604363298,0.31965785339152586,0.19470898617214433,
0.16166300421133534,60.48951048951049,0.43766234103534457,0.36552406133291226,0.19681359763174316,
0.1616652265943581,60.58941058941059,0.32497166372285186,0.4728655565047928,0.2021627797723554,
0.16167319976124767,60.68931068931069,0.38200237266659204,0.41861138974244577,0.1993862375909622,
0.16168085305194135,60.78921078921079,0.34748776549910215,0.4515408654490396,0.20097136905185825,
0.1616893174272915,60.88911088911089,0.3912366225632185,0.4099398392596312,0.19882353817715034,
0.16170141776244293,60.989010989010985,0.37482124359513774,0.4256658729444045,0.19951288346045776,
0.16175459169948514,61.08891108891109,0.49711474657149984,0.3096015041579497,0.19328374927055048,
0.1618083073402492,61.18881118881119,0.49106689137625664,0.3157712286603018,0.19316187996344159,
0.16181640772115588,61.28871128871129,0.3378110285715022,0.46179111383397703,0.20039785759452078,
0.16186759546039944,61.38861138861139,0.49416719894689237,0.3132709292226105,0.19256187183049708,
0.16191603658770715,61.48851148851149,0.40466922500536867,0.3988767738375167,0.19645400115711464,
0.16193341304114556,61.58841158841159,0.4300102103228222,0.3748750681271908,0.195114721549987,
0.16194426124251976,61.688311688311686,0.3715344169270434,0.4306491165668287,0.1978164665061279,
0.16196192554164318,61.78821178821179,0.45511416395173737,0.35118407667070684,0.1937017593775558,
0.16196422553071702,61.88811188811189,0.3290486365573407,0.4712641263560452,0.19968723708661415,
0.16197837605721258,61.98801198801199,0.4386128755464716,0.3670251214221472,0.19436200303138118,
0.16204551920697802,62.08791208791209,0.40716170294679693,0.39749095416039554,0.19534734289280753,
0.16207650503377366,62.187812187812185,0.4133194876033149,0.39186281902015796,0.19481769337652718,
0.16208966247681583,62.28771228771229,0.47416114045143515,0.33401873580892977,0.19182012373963506,
0.1620970386859074,62.387612387612386,0.4905921932551172,0.31842638343531693,0.19098142330956586,
0.16209982464122186,62.48751248751249,0.3091150013283645,0.491283196006336,0.19960180266529948,
0.16210810833397574,62.58741258741259,0.30837666392918256,0.4920495807752485,0.1995737552955689,
0.162184644066134,62.68731268731269,0.34767434653065804,0.4552071657308062,0.1971184877385357,
0.16219167622812936,62.78721278721279,0.4440358746078981,0.36348786684381645,0.19247625854828543,
0.16220998907513862,62.887112887112885,0.3998936794536004,0.4056678150206862,0.1944385055257134,
0.16222034333181698,62.98701298701299,0.4128959447399972,0.39336370003265353,0.19374035522734928,
0.16223975831372248,63.086913086913086,0.39876276105658653,0.4069720244963592,0.19426521444705425,
0.1623171661721346,63.18681318681319,0.4381308110262459,0.3700692473052317,0.19179994166852238,
0.16235711456827098,63.28671328671329,0.3622166266482007,0.4426733386754242,0.1951100346763751,
0.16236608006793204,63.386613386613384,0.4283342107664762,0.3797725699870589,0.19189321924646494,
0.16239137918604285,63.48651348651349,0.33411196039948493,0.46970115218265734,0.19618688741785772,
0.16239314090381038,63.586413586413585,0.4978362142306472,0.3137866122440968,0.18837717352525593,
0.1623974419900192,63.68631368631369,0.44090554262798604,0.3680391595600528,0.19105529781196118,
0.16243457847652265,63.786213786213786,0.3679945366157405,0.4377616235650994,0.19424383981916007,
0.1624544317000823,63.88611388611388,0.4661842531646954,0.344399017957563,0.18941672887774158,
0.16246247023173652,63.98601398601399,0.4670666237298771,0.3436199995172289,0.189313376752894,
0.16246331194773422,64.08591408591408,0.4054611366497651,0.40229836002971975,0.19224050332051518,
0.16248599295571278,64.18581418581418,0.37451232302987464,0.43194650284637126,0.19354117412375413,
0.162497460051231,64.28571428571429,0.3368442120697264,0.4679084177045972,0.1952473702256764,
0.1625060968922655,64.38561438561439,0.3925889072728855,0.41488409081360633,0.1925270019135082,
0.16251661381640575,64.48551448551449,0.49562907513338167,0.31683076688873396,0.18754015797788437,
0.1625242953380765,64.58541458541458,0.3832219777741142,0.4239438397040228,0.19283418252186302,
0.16252981157110408,64.68531468531468,0.47488909119715866,0.33668384864206174,0.18842706016077962,
0.1625347154860045,64.78521478521479,0.30744739354722467,0.496189673738733,0.19636293271404234,
0.162558060509257,64.88511488511489,0.34354816656953063,0.4619860842260034,0.194465749204466,
0.16262104746835473,64.98501498501498,0.4804121185447168,0.332119961295439,0.18746792015984418,
0.16264956945846865,65.08491508491508,0.3591288797720818,0.4478455244194155,0.19302559580850268,
0.16267688106011338,65.18481518481518,0.3505980887145666,0.45617848503233505,0.19322342625309835,
0.16267980567268994,65.28471528471529,0.39988082346649895,0.40926482586730756,0.1908543506661935,
0.1627997750953888,65.38461538461539,0.4622250125930228,0.35080474511187143,0.1869702422951058,
0.16281523713468582,65.48451548451548,0.31673045353613866,0.4894890771740813,0.19378046928978007,
0.16282239551297237,65.58441558441558,0.4348797035670677,0.37702051380834517,0.18809978262458715,
0.16282741114255692,65.68431568431568,0.4263040967573484,0.3852260347052605,0.18846986853739106,
0.16286514798008966,65.78421578421579,0.4950981530376986,0.31999577230146947,0.18490607466083192,
0.1628783167356963,65.88411588411589,0.33172394416821854,0.4756908574487122,0.19258519838306926,
0.16288484770760955,65.98401598401598,0.4068142821379596,0.40422602646314243,0.18895969139889796,
0.16294154270303393,66.08391608391608,0.38955365123292046,0.4210973261794562,0.18934902258762332,
0.1630059103060509,66.18381618381619,0.3986562153438932,0.4129193446665715,0.1884244399895353,
0.16301689753496712,66.28371628371629,0.49402580274178703,0.32217492964299427,0.18379926761521873,
0.16301923487132616,66.38361638361638,0.48372937286789625,0.3319988951677526,0.18427173196435115,
0.16303283899511162,66.48351648351648,0.4222156427264932,0.3906872470267545,0.18709711024675232,
0.163050793954264,66.58341658341658,0.46106109331333683,0.353828549896736,0.18511035678992718,
0.16306954835767193,66.68331668331669,0.4132869620709872,0.39947085665274407,0.18724218127626874,
0.1631417925071613,66.78321678321679,0.40697597290903936,0.40603256026812695,0.1869914668228337,
0.16316234639984017,66.88311688311688,0.4454775730814629,0.3695211702081495,0.18500125671038758,
0.16317407110279206,66.98301698301698,0.33901024571988386,0.4710081648599775,0.18998158942013865,
0.16319234607339494,67.08291708291708,0.4096582650367702,0.40386372520490155,0.18647800975832826,
0.16321386625983994,67.18281718281719,0.3474176311801927,0.46330476753190264,0.18927760128790463,
0.1632149181464341,67.28271728271729,0.4549575263387489,0.36089376612942436,0.18414870753182672,
0.1632154456964223,67.38261738261738,0.4480052335197368,0.36751902781751755,0.18447573866274566,
0.16322239394469104,67.48251748251748,0.4517487143196653,0.3640068213508413,0.18424446432949346,
0.16329373479494041,67.58241758241758,0.4880761318973091,0.3299535946561027,0.1819702734465882,
0.16332380455674683,67.68231768231769,0.360062679354259,0.4521006998836228,0.1878366207621182,
0.16333277453878658,67.78221778221778,0.4332565254299838,0.38246066305133875,0.18428281151867748,
0.16333911262744136,67.88211788211788,0.4429758009751566,0.3732525634624247,0.1837716355624187,
0.16335714919910138,67.98201798201798,0.4811300222376869,0.33705280320170583,0.18181717456060725,
0.16336708375029108,68.08191808191808,0.4303869272460253,0.38545539996159894,0.1841576727923758,
0.16340360328672351,68.18181818181819,0.3492320288508212,0.46302448873727803,0.18774348241190075,
0.16344932824532935,68.28171828171828,0.475260100208355,0.3433465486340515,0.18139335115759347,
0.16350907272532408,68.38161838161838,0.44252884071553195,0.3749750597991115,0.18249609948535656,
0.1635327230480568,68.48151848151848,0.4994322598006407,0.3209617404826458,0.17960599971671348,
0.16359797883903732,68.58141858141857,0.33524836608302394,0.47782538609809133,0.1869262478188847,
0.1636087207517215,68.68131868131869,0.341609177179838,0.4718494283670631,0.18654139445309886,
0.1636145892418224,68.78121878121878,0.32563496488251037,0.4871077531324269,0.18725728198506275,
0.1636294535255829,68.88111888111888,0.49084743363105926,0.32987583898123685,0.1792767273877039,
0.16364111461483388,68.98101898101898,0.465425579800606,0.3541761229375862,0.18039829726180778,
0.16365926830151986,69.08091908091907,0.318483018214288,0.4942600437506426,0.18725693803506946,
0.1636782183728073,69.18081918081919,0.3466546428200897,0.46757449592841765,0.18577086125149267,
0.16368131748312412,69.28071928071928,0.38804598172082944,0.42817778914888316,0.18377622913028738,
0.16370951910288065,69.38061938061938,0.4525816370201626,0.3669303948227697,0.18048796815706775,
0.16372668329486928,69.48051948051948,0.3503867671680457,0.4643898832274145,0.18522334960453982,
0.16372998572585323,69.58041958041959,0.4622949206566645,0.3578358045316532,0.17986927481168233,
0.1637472128913642,69.68031968031968,0.4046451739752715,0.41287181360063996,0.18248301242408854,
0.16375445224266447,69.78021978021978,0.3612834546782466,0.4542239585216902,0.18449258680006328,
0.16383889701256374,69.88011988011988,0.3722266007909408,0.4444462320262683,0.18332716718279088,
0.1639267268779361,69.98001998001997,0.40426373349491257,0.41460480761998375,0.18113145888510368,
0.1639761442362874,70.07992007992009,0.49536910645537197,0.32821477968185436,0.17641611386277364,
0.16398480946139746,70.17982017982018,0.3645123068212644,0.4529065169863698,0.1825811761923658,
0.16400062029559298,70.27972027972028,0.4403942299436943,0.38075860145347334,0.17884716860283234,
0.16400710512557093,70.37962037962038,0.32436069744490886,0.49131629378074476,0.18432300877434638,
0.1641326655514759,70.47952047952047,0.4895939186808434,0.33490924255004734,0.17549683876910924,
0.16414656886177054,70.57942057942059,0.4843092011412941,0.3400483950113933,0.1756424038473126,
0.16415169962880793,70.67932067932068,0.32643646211391303,0.4904426500060939,0.18312088787999306,
0.16415543385059517,70.77922077922078,0.39112706469937913,0.4288609970166908,0.18001193828393008,
0.16418589395398975,70.87912087912088,0.49815123043458426,0.3271655557262318,0.17468321383918395,
0.16418762510497567,70.97902097902097,0.40992520353985545,0.41120361753796225,0.1788711789221823,
0.16420815930819296,71.07892107892108,0.45251645714684946,0.37079716618168057,0.17668637667146997,
0.16422570459789973,71.17882117882118,0.38649934477867115,0.433804528484285,0.17969612673704383,
0.16429536128090289,71.27872127872128,0.3535329343990879,0.46573262455892767,0.18073444104198444,
0.16429731836793052,71.37862137862138,0.4581787269822764,0.3660848202749355,0.1757364527427881,
0.16433441480029345,71.47852147852147,0.33987548660282,0.4790377116894663,0.18108680170771368,
0.1643463635919403,71.57842157842158,0.44097870396328037,0.38284002931305544,0.1761812667236642,
0.16437322523471382,71.67832167832168,0.32568047875052225,0.4928529064037262,0.18146661484575155,
0.164447790583557,71.77822177822178,0.4236059082616755,0.4001594641812986,0.1762346275570259,
0.1644733456851848,71.87812187812187,0.4865745508629416,0.3403842707545933,0.1730411783824651,
0.16447788548755082,71.97802197802197,0.48544058403159557,0.34149887933922624,0.1730605366291782,
0.164504736329687,72.07792207792208,0.4260720239472216,0.3982452848401624,0.17568269121261598,
0.16450718632602462,72.17782217782218,0.38900089993328574,0.4335698385185299,0.1774292615481843,
0.16453491540216336,72.27772227772228,0.3822861344251535,0.44017643503308745,0.17753743054175905,
0.16456435474119296,72.37762237762237,0.40063859662932827,0.42292251232082956,0.17643889104984217,
0.1645686693352032,72.47752247752248,0.41573388362538505,0.40857895829312607,0.17568715808148888,
0.16458338587229135,72.57742257742258,0.3242581955756055,0.4958110182294998,0.17993078619489472,
0.16460609973016063,72.67732267732268,0.46204798899483907,0.3647558514024614,0.17319615960269952,
0.16461684476657362,72.77722277722278,0.47792577462068736,0.3497161251890968,0.17235810019021588,
0.164654026024614,72.87712287712287,0.49797455277707686,0.3309057341541773,0.17111971306874585,
0.16465562835672368,72.97702297702298,0.40608431794438155,0.41843253762015237,0.1754831444354661,
0.164672810201837,73.07692307692308,0.367623828804504,0.45519270329799705,0.17718346789749895,
0.16470920423666874,73.17682317682318,0.3482652141920997,0.47390718509148166,0.1778276007164186,
0.16475637123483497,73.27672327672327,0.32191170237492966,0.49936567816195104,0.1787226194631193,
0.16483771483579146,73.37662337662337,0.4363720783113005,0.39097637468645713,0.1726515470022424,
0.16484156384141652,73.47652347652348,0.4038416514556767,0.42198712615512624,0.17417122238919708,
0.164854919831798,73.57642357642358,0.4910081075691289,0.339073297179157,0.16991859525171413,
0.1648981599172958,73.67632367632368,0.49908198403433507,0.33171381300351493,0.16920420296214997,
0.1648984050897587,73.77622377622377,0.3333961275703669,0.4895118602351401,0.177092012194493,
0.1649018580811326,73.87612387612387,0.47215021632122683,0.35739135305379527,0.17045843062497792,
0.16495375942563928,73.97602397602398,0.3375666286213877,0.4859623127885159,0.17647105859009637,
0.16498439068926182,74.07592407592408,0.372652953013861,0.4527804606234169,0.1745665863627221,
0.16499652990168856,74.17582417582418,0.42240227658709434,0.40549273950587833,0.17210498390702733,
0.16502401323633994,74.27572427572427,0.3763018917075082,0.44960760384587545,0.17409050444661633,
0.1650936548061036,74.37562437562437,0.3628983629837818,0.4629042542475965,0.17419738276862165,
0.16513375459981988,74.47552447552448,0.43493071283537593,0.3946079300187424,0.17046135714588168,
0.1651680705650755,74.57542457542458,0.4462818141937788,0.384059184551351,0.16965900125487018,
0.165187664093792,74.67532467532467,0.4017213620589016,0.42664724480203864,0.17163139313905978,
0.1651923941315413,74.77522477522477,0.4971159348833199,0.3358312908626902,0.16705277425398993,
0.16519845219974646,74.87512487512487,0.40531323278723846,0.42330872764890215,0.17137803956385939,
0.16520616841924063,74.97502497502498,0.38259032621487793,0.44500848373174173,0.17240119005338037,
0.1652331326576456,75.07492507492508,0.4736571013816205,0.35848389514719436,0.16785900347118518,
0.16527210758509223,75.17482517482517,0.34754342129399846,0.47888963953920194,0.17356693916679963,
0.16527898456916748,75.27472527472527,0.47292930549448414,0.35952689119184006,0.16754380331367583,
0.16537723860460696,75.37462537462538,0.42502864976165283,0.4058962909846479,0.16907505925369926,
0.16542399129986093,75.47452547452548,0.49476992493372157,0.33983270691750894,0.16539736814876949,
0.16545644017432576,75.57442557442558,0.4907338507561904,0.34392417957515475,0.16534196966865483,
0.1654682733348691,75.67432567432567,0.4179507066988674,0.41333180224179894,0.16871749105933365,
0.16552371718573342,75.77422577422577,0.46724140758177596,0.36681128549029535,0.1659473069279287,
0.16552387763557552,75.87412587412588,0.3845521295123577,0.4455642644088119,0.1698836060788304,
0.165555314966173,75.97402597402598,0.45167006688825045,0.38188224083713673,0.16644769227461284,
0.16556796948577734,76.07392607392607,0.42914088934150124,0.40343517287031233,0.16742393778818643,
0.1656065793400935,76.17382617382617,0.3942263419775183,0.4369817472540716,0.16879191076841013,
0.16562856311070331,76.27372627372627,0.3393916921665892,0.4893730031679981,0.1712353046654127,
0.16565320774882866,76.37362637362638,0.42368618237225725,0.40928051592405906,0.1670333017036837,
0.1657332763842756,76.47352647352648,0.4351167459468707,0.399005191436559,0.1658780626165703,
0.1657569797810522,76.57342657342657,0.3746966179789161,0.45672907548612307,0.16857430653496083,
0.16580728705315595,76.67332667332667,0.37224919416630714,0.45944380871716445,0.1683069971165284,
0.16587805692033525,76.77322677322677,0.39239677628006325,0.4407956044369312,0.16680761928300555,
0.1658809863881018,76.87312687312688,0.3937970230143531,0.43948438733421274,0.16671858965143416,
0.16592879460113807,76.97302697302698,0.4598639721393785,0.3769282178792642,0.16320780998135725,
0.16602106873013073,77.07292707292707,0.4546005272034062,0.38264509112543554,0.16275438167115824,
0.16608280262910108,77.17282717282717,0.4792842276666465,0.3596078250561053,0.16110794727724823,
0.16619587810414335,77.27272727272727,0.33871300839964597,0.4943480627433775,0.16693892885697653,
0.16622663755345468,77.37262737262738,0.42464370598166307,0.4127439384213726,0.16261235559696438,
0.16625043796400574,77.47252747252747,0.46586691463531243,0.3736653096578148,0.16046777570687276,
0.16633046743176566,77.57242757242757,0.3540762640604203,0.4807433148945905,0.1651804210449892,
0.16633479587282118,77.67232767232767,0.4469541910448121,0.39232110414221116,0.16072470481297674,
0.16635711822575097,77.77222777222777,0.4052857571635398,0.4321756804659643,0.1625385623704959,
0.1663627565275522,77.87212787212788,0.3355074001060831,0.4986743313540016,0.16581826853991533,
0.16638046477276683,77.97202797202797,0.4541379692483221,0.3858278654537344,0.16003416529794354,
0.16638894238006943,78.07192807192807,0.41794603111176404,0.420361090121063,0.16169287876717298,
0.16641836147203287,78.17182817182817,0.4588147862639252,0.3816629077167212,0.15952230601935363,
0.1664458660063388,78.27172827172828,0.45243566285171327,0.3879481315577114,0.15961620559057532,
0.16652335256288034,78.37162837162838,0.4194325555498056,0.41997092015109194,0.1605965242991025,
0.16653676424224717,78.47152847152847,0.38455864971111847,0.4532865226539782,0.16215482763490333,
0.16654490871423064,78.57142857142857,0.4486433154478969,0.3923156036588574,0.15904108089324573,
0.1665666490633095,78.67132867132867,0.4248062999938576,0.4151834227357262,0.16001027727041617,
0.16656846712760923,78.77122877122878,0.45200915694328186,0.3892897918598408,0.15870105119687736,
0.1666137491025312,78.87112887112887,0.33994082610698023,0.49636712641284975,0.16369204748017005,
0.16664362134632538,78.97102897102897,0.42472606608461866,0.4158471454401922,0.15942678847518918,
0.1666502171797039,79.07092907092907,0.49711506951339574,0.3469555109209985,0.15592941956560574,
0.166688011346032,79.17082917082917,0.49257292327811814,0.3515697426743029,0.15585733404757895,
0.16676697367624033,79.27072927072928,0.3714726335086787,0.4675059354406322,0.1610214310506891,
0.1667952606782706,79.37062937062937,0.4848985850441068,0.35969696947922475,0.15540444547666846,
0.16683794545849917,79.47052947052947,0.37277041022081575,0.4668114813873153,0.16041810839186896,
0.1668516515315435,79.57042957042957,0.426284438563493,0.41595027973472976,0.15776528170177723,
0.16688994839914045,79.67032967032966,0.38367824249832544,0.4568198513997064,0.15950190610196815,
0.16690459217676604,79.77022977022978,0.40646972509457374,0.43522539470534566,0.1583048802000806,
0.16693764331498281,79.87012987012987,0.3819989512583007,0.4587830965831229,0.15921795215857643,
0.16710872431177326,79.97002997002997,0.40714484466916195,0.4361399802224264,0.15671517510841163,
0.16712098786285284,80.06993006993007,0.3858719943655398,0.456493426043383,0.15763457959107718,
0.16720402598971884,80.16983016983016,0.4464804378625898,0.3994046466428305,0.15411491549457973,
0.16734265760443737,80.26973026973027,0.4268977817578698,0.4191125886362004,0.15398962960592982,
0.16741421712404567,80.36963036963037,0.4848006657480511,0.364512951184378,0.15068638306757093,
0.16745175040057828,80.46953046953047,0.4380575259977008,0.40931664597349593,0.15262582802880326,
0.16745487050392027,80.56943056943057,0.48872493679326606,0.3610857383155641,0.15018932489116982,
0.1674802544000903,80.66933066933066,0.3755992347939368,0.46901826865410823,0.15538249655195494,
0.1675508423142724,80.76923076923077,0.4360451277375325,0.41198930254249466,0.15196556971997283,
0.16757668834127523,80.86913086913087,0.4479112755384848,0.4008854094460829,0.15120331501543227,
0.16757707113512788,80.96903096903097,0.4781727105749602,0.37206789347627167,0.14975939594876816,
0.16762671895068454,81.06893106893106,0.4649953688543495,0.3849965723465939,0.15000805879905663,
0.16764920612297993,81.16883116883118,0.3927093266250076,0.45401205594800487,0.1532786174269875,
0.16771001830270738,81.26873126873127,0.35243108382486416,0.4928363225542801,0.15473259362085573,
0.16773198596510397,81.36863136863137,0.38810621504556825,0.4590275970432924,0.15286618791113937,
0.16776670757834475,81.46853146853147,0.36437715268827403,0.48189165244732357,0.15373119486440243,
0.1677903138438235,81.56843156843156,0.3668620924371963,0.4797051604635003,0.15343274709930338,
0.1677926130556207,81.66833166833167,0.49868091230301376,0.3541808729049812,0.1471382147920051,
0.16780902529270164,81.76823176823177,0.37869788322519954,0.46857574099104166,0.1527263757837588,
0.16781794315574122,81.86813186813187,0.449005176914451,0.40168440613298023,0.14931041695256875,
0.16783335803830346,81.96803196803197,0.4926860120332626,0.360201196151385,0.14711279181535236,
0.1678627381089097,82.06793206793206,0.49465685459199144,0.35854837586921784,0.14679476953879075,
0.16792182222116844,82.16783216783217,0.3997487618699089,0.44938792604855854,0.15086331208153259,
0.16794784815948957,82.26773226773227,0.38745697337680945,0.4612929819747218,0.15125004464846878,
0.1679486827719837,82.36763236763237,0.3529089275592498,0.49420227656112337,0.15288879587962684,
0.1680329964788096,82.46753246753246,0.38811159415741286,0.4613192268379074,0.15056917900467973,
0.16805915296181176,82.56743256743256,0.48886087890755153,0.36556703009327557,0.1455720909991729,
0.16811250478615622,82.66733266733267,0.40913475287293616,0.44190381496459563,0.14896143216246818,
0.16812725984125795,82.76723276723277,0.38985424422164866,0.46037880159693734,0.149766954181414,
0.16813856533372298,82.86713286713287,0.4056379013666695,0.4454329979844164,0.1489291006489141,
0.16817310749261433,82.96703296703296,0.45678545744003346,0.39698456347860767,0.1462299790813589,
0.16818450508257715,83.06693306693306,0.46951510536010016,0.3849480450599548,0.14553684957994506,
0.16830196853568552,83.16683316683317,0.3716485234616252,0.47905064879225134,0.14930082774612344,
0.16830672270593694,83.26673326673327,0.3545018969299612,0.49541705699339234,0.1500810460766465,
0.16844900799204424,83.36663336663337,0.4207417699165777,0.4334170714385842,0.14584115864483807,
0.16848745591264494,83.46653346653346,0.4617441092555599,0.3946605571387756,0.14359533360566445,
0.16852738546188467,83.56643356643356,0.42542329339500934,0.42955650535328016,0.14502020125171047,
0.1685478919628256,83.66633366633367,0.43981909858845875,0.41600267152748993,0.14417822988405132,
0.1685631854149488,83.76623376623377,0.3543671628946113,0.49750222193849886,0.14813061516688986,
0.16857524217926662,83.86613386613386,0.48644465155044164,0.37180603446454474,0.14174931398501361,
0.16857922644308077,83.96603396603396,0.45022440787661316,0.40633193196151396,0.14344366016187288,
0.168602997192195,84.06593406593407,0.4714893795402287,0.3862609364163785,0.14224968404339283,
0.16860566304637153,84.16583416583417,0.39513139690519944,0.4590032220576271,0.14586538103717347,
0.16860745206094024,84.26573426573427,0.3629003761272897,0.4897131066361211,0.14738651723658922,
0.1686139690296971,84.36563436563436,0.38351860493978956,0.47012640835999203,0.1463549867002184,
0.16862126912756703,84.46553446553446,0.3830510839202819,0.47062736759868457,0.14632154848103351,
0.16863702088577243,84.56543456543457,0.3524517206220568,0.4998898291711726,0.1476584502067706,
0.16866484824941075,84.66533466533467,0.40575693471280544,0.44933524583245377,0.14490781945474077,
0.168684710511944,84.76523476523477,0.38308970202558684,0.4710746551513138,0.14583564282309935,
0.16879694512042628,84.86513486513486,0.3999926119453762,0.45583299910577085,0.14417438894885293,
0.16880508625001878,84.96503496503496,0.4731240321859033,0.3862460912347996,0.14062987657929713,
0.16882014462564607,85.06493506493507,0.3738489072236762,0.4809088003808184,0.1452422923955054,
0.16882776976178224,85.16483516483517,0.38689178125262397,0.4685451867943417,0.14456303195303433,
0.16889554764635947,85.26473526473526,0.4111367489889359,0.44597187820677364,0.14289137280429046,
0.16892740174118448,85.36463536463536,0.358432351061798,0.4964096331932736,0.1451580157449284,
0.16894074726793004,85.46453546453546,0.4897645168827068,0.37143311098234766,0.1388023721349456,
0.16898288978704448,85.56443556443557,0.4480588811895117,0.41147434829996354,0.14046677051052475,
0.1689950899759265,85.66433566433567,0.42582027905504466,0.4327470750223421,0.1414326459226132,
0.16903034941624615,85.76423576423576,0.359091252179826,0.49656761314139813,0.14434113467877585,
0.16914311035402327,85.86413586413586,0.48126716921288587,0.3810698882919412,0.1376629424951729,
0.16923637044312437,85.96403596403596,0.45878964137515693,0.4031886619752619,0.1380216966495812,
0.16923801356499024,86.06393606393607,0.4230671641789468,0.43722263254747507,0.1397102032735781,
0.1692984332809004,86.16383616383617,0.45328741932283884,0.40890242575398267,0.1378101549231785,
0.16934446169480177,86.26373626373626,0.49731527761671596,0.36732230282412864,0.1353624195591554,
0.1693886506718694,86.36363636363636,0.40276181501270475,0.45771045778445324,0.139527727202842,
0.1694073768643722,86.46353646353646,0.4316377475214986,0.4303524317822204,0.13800982069628104,
0.1694082568023922,86.56343656343657,0.4785268215660042,0.38570285009901456,0.13577032833498126,
0.16941475978449877,86.66333666333666,0.4627766421465072,0.4007526513165186,0.13647070653697418,
0.16942684135113104,86.76323676323676,0.4804446130880254,0.3840181832954067,0.1355372036165679,
0.16946077569682044,86.86313686313686,0.4124278794170804,0.4490549991337116,0.138517121449208,
0.16950668541402011,86.96303696303697,0.471527231031504,0.39312015620242446,0.13535261276607152,
0.1695181400917336,87.06293706293707,0.43574627650999426,0.42728468306653733,0.13696904042346839,
0.16953176742959514,87.16283716283716,0.3708792048427955,0.4891668731326916,0.13995392202451287,
0.1695432878393598,87.26273726273726,0.4064121812849873,0.45541381921624874,0.13817399949876397,
0.16955896931134776,87.36263736263736,0.4571463700788126,0.4072151584333636,0.13563847148782382,
0.16958321732621756,87.46253746253747,0.4499821991017227,0.4142231994999439,0.1357946013983334,
0.16959193829648073,87.56243756243757,0.39545866018181214,0.4662169620555706,0.13832437776261725,
0.16960258664967537,87.66233766233766,0.3926590886467695,0.46896447117440004,0.13837644017883044,
0.16962380794769685,87.76223776223776,0.4056609559588596,0.45674365227113006,0.13759539177001034,
0.16964240239621686,87.86213786213786,0.446210174385893,0.4182671972347779,0.1355226283793291,
0.16968743127023517,87.96203796203797,0.4336825127517438,0.4305418895075217,0.1357755977407345,
0.16974955045544743,88.06193806193806,0.3844689756352753,0.4778859394812724,0.13764508488345228,
0.16976577734987489,88.16183816183816,0.4366853659139795,0.42827981878874116,0.13503481529727934,
0.16981548848640443,88.26173826173826,0.38064781906739514,0.4820282555390784,0.13732392539352645,
0.16987140664981032,88.36163836163836,0.3993502228277341,0.4646430920673337,0.13600668510493225,
0.16993117694087162,88.46153846153847,0.42261566207657203,0.4429415694090152,0.13444276851441275,
0.1699438177677394,88.56143856143856,0.4010877380343691,0.46354082145661724,0.1353714405090137,
0.17001359375294484,88.66133866133866,0.48480356615814096,0.3843437999428342,0.13085263389902485,
0.1700309744489424,88.76123876123876,0.3695120906736063,0.4942779077520398,0.13621000157435392,
0.17011255107494067,88.86113886113885,0.3810225834962582,0.4839379662929859,0.13503945021075586,
0.17011357147981784,88.96103896103897,0.45360152562916217,0.41482289632168035,0.1315755780491575,
0.17021293923379055,89.06093906093906,0.440124850745179,0.42841602477416607,0.13145912448065497,
0.17027615716743713,89.16083916083916,0.4474022490317782,0.4219675256398262,0.1306302253283956,
0.1702890301805261,89.26073926073926,0.47599411546341824,0.39483537838298116,0.1291705061536006,
0.1703112399586079,89.36063936063935,0.49684683804153057,0.37514509089035464,0.1280080710681148,
0.17031356312977278,89.46053946053947,0.4969321829139908,0.375081536120537,0.12798628096547215,
0.17032137782073972,89.56043956043956,0.44298069791564026,0.42652356995458574,0.13049573212977397,
0.1703427344924252,89.66033966033966,0.38596462751265076,0.48098758605230424,0.133047786435045,
0.17036114473172406,89.76023976023976,0.3799359113986143,0.4868696976410949,0.1331943909602908,
0.17042238905882556,89.86013986013987,0.4084129088587944,0.4602160294521673,0.13137106168903834,
0.17046022581153522,89.96003996003996,0.4860912324941023,0.38652531582826355,0.12738345167763415,
0.1705022521992334,90.05994005994006,0.4007022967222644,0.46816884234355305,0.13112886093418255,
0.17051077374946733,90.15984015984016,0.4130375496170408,0.45648599393729505,0.1304764564456641,
0.17053626282410056,90.25974025974025,0.46076117587449467,0.41122937119483394,0.12800945293067142,
0.17055606150912683,90.35964035964037,0.3683182432125351,0.4994213946998107,0.13226036208765424,
0.17062313692011588,90.45954045954046,0.4226688663484586,0.448170651072808,0.12916048257873336,
0.17064804930737168,90.55944055944056,0.43574169734461315,0.4359104111884776,0.12834789146690925,
0.1706677273533171,90.65934065934066,0.44297908584540663,0.4291678011449127,0.12785311300968064,
0.17068363085118152,90.75924075924075,0.4039691238647601,0.4664415207270764,0.12958935540816352,
0.170739783975592,90.85914085914087,0.420078662159137,0.45152754764391473,0.1283937901969483,
0.17077216100605216,90.95904095904096,0.3697927066099443,0.4996660124562204,0.13054128093383532,
0.17079484753604487,91.05894105894106,0.4182543957724926,0.4536850883027618,0.1280605159247456,
0.17085953895047004,91.15884115884116,0.46043888996494914,0.4140029529288366,0.12555815710621426,
0.1708788426168344,91.25874125874125,0.3830009175173373,0.4879007499549768,0.1290983325276859,
0.1708911360299715,91.35864135864136,0.47598169714381083,0.3994413580918685,0.12457694476432069,
0.17089778294270153,91.45854145854146,0.404442427685985,0.4676247655574171,0.1279328067565979,
0.17094099567924118,91.55844155844156,0.4543189583477843,0.42045299011816595,0.12522805153404978,
0.1709481335054469,91.65834165834166,0.3731730475614062,0.49778933265810094,0.12903761978049288,
0.17099169872944653,91.75824175824175,0.43631909116844253,0.43798260554025137,0.12569830329130607,
0.17103745901743134,91.85814185814186,0.38573395956339757,0.4865081162976247,0.12775792413897774,
0.17107684896136544,91.95804195804196,0.4485643355574885,0.4269701672585001,0.12446549718401137,
0.17120324928742367,92.05794205794206,0.4417651750064097,0.4344100156493423,0.123824809344248,
0.17121419457924117,92.15784215784215,0.39973855301797695,0.4745189151848648,0.12574253179715825,
0.1712211670780636,92.25774225774225,0.49209419868060916,0.3866142901365229,0.12129151118286796,
0.17126721243184986,92.35764235764236,0.4851526269364111,0.3935766485453732,0.12127072451821568,
0.17127405905602264,92.45754245754246,0.38112402828914355,0.49270382218430636,0.1261721495265501,
0.17129980614869694,92.55744255744256,0.4298770370035569,0.4464688031485771,0.12365415984786599,
0.17131387279566898,92.65734265734265,0.4357914381330991,0.44094336629058517,0.12326519557631571,
0.17137596855327733,92.75724275724276,0.38624306763300004,0.4886061266932743,0.12515080567372566,
0.17141949071669688,92.85714285714286,0.467060550877428,0.4119691154126244,0.12097033370994763,
0.17142681559505546,92.95704295704296,0.4137392843308075,0.4628072033910521,0.12345351227814041,
0.17146987832990065,93.05694305694306,0.4194516025190786,0.4576954708754237,0.12285292660549765,
0.17148730692145078,93.15684315684315,0.46188588434713523,0.4174148203118174,0.12069929534104734,
0.17153756116716823,93.25674325674326,0.38426147662431537,0.49172633217584594,0.1240121911998387,
0.17159831154439492,93.35664335664336,0.4199106035595857,0.45823829026567925,0.12185110617473505,
0.17161393797266877,93.45654345654346,0.4832846031232884,0.39800128510776867,0.11871411176894295,
0.17165990154131563,93.55644355644355,0.49039879074334763,0.3915765715808316,0.1180246376758208,
0.17167724284212885,93.65634365634365,0.49596863595478063,0.3864042695431812,0.1176270945020382,
0.17178855552193348,93.75624375624376,0.44854357414992135,0.4324203616876775,0.11903606416240112,
0.1717977086729754,93.85614385614386,0.4924300925995669,0.3906934847706951,0.11687642262973805,
0.17181781232576984,93.95604395604396,0.424324443956086,0.4557094514595811,0.1199661045843329,
0.17187384398942737,94.05594405594405,0.49454493963244156,0.38926026639745925,0.11619479397009921,
0.17192761420832758,94.15584415584415,0.4111911125355671,0.46905519975874677,0.11975368770568615,
0.1719431521069309,94.25574425574426,0.4283016673338685,0.45287797696940374,0.11882035569672778,
0.17195885768093636,94.35564435564436,0.4388003129740315,0.4429990948068936,0.11820059221907492,
0.17197080476036147,94.45554445554446,0.4708076032083313,0.41260709544089563,0.11658530135077307,
0.17197297684161694,94.55544455544455,0.4393565882870139,0.4425770395738827,0.11806637213910337,
0.17197821286010564,94.65534465534465,0.48031822015694264,0.4036058828153312,0.11607589702772614,
0.17201353611446094,94.75524475524476,0.44579061408580484,0.4367588641732062,0.11745052174098894,
0.17203907553193357,94.85514485514486,0.3966177721693453,0.4837850479856858,0.11959717984496893,
0.17206534011642563,94.95504495504495,0.42083086466494407,0.460925344446997,0.11824379088805892,
0.17209616060208474,95.05494505494505,0.4166709735314414,0.46512231327009457,0.11820671319846407,
0.17213121038731577,95.15484515484515,0.39855685740125674,0.4826413006773632,0.11880184192138002,
0.1721401059703942,95.25474525474526,0.38725700796850165,0.4934709449700242,0.11927204706147418,
0.17223723919124095,95.35464535464536,0.4245586999942779,0.45868663655962605,0.11675466344609603,
0.17223898088211198,95.45454545454545,0.3965419694885038,0.485382547146284,0.11807548336521223,
0.17224443032952833,95.55444555444555,0.4860578405087697,0.40017085038287636,0.11377130910835392,
0.17224778256204915,95.65434565434566,0.44188458933209945,0.44226622414394623,0.11584918652395429,
0.17228456705931894,95.75424575424576,0.4379846786551282,0.44626109859113405,0.11575422275373773,
0.17228913021404624,95.85414585414586,0.39694856328286937,0.4853779611503393,0.11767347556679131,
0.1723380701094556,95.95404595404595,0.41236446048966374,0.4710695611839501,0.11656597832638615,
0.17235303340809383,96.05394605394605,0.4075120415673101,0.4758050882171231,0.11668287021556686,
0.1724391667640004,96.15384615384616,0.4832748446703274,0.40430719118955916,0.11241796414011349,
0.17244912990315736,96.25374625374626,0.4487045812907174,0.4373072973239255,0.11398812138535713,
0.17252744787519184,96.35364635364635,0.452707699070472,0.4340923784299874,0.11319992249954061,
0.1725906582858064,96.45354645354645,0.4629998379687528,0.4247726381253075,0.11222752390593968,
0.1727484196616913,96.55344655344655,0.4358506257755416,0.4518327923998688,0.11231658182458959,
0.17276814855727424,96.65334665334666,0.42904130942878776,0.4584683948938838,0.11249029567732843,
0.1727747268780352,96.75324675324676,0.41360517540795044,0.4732196798674274,0.11317514472462217,
0.1727762106058836,96.85314685314685,0.4662534295319299,0.4230897675099757,0.11065680295809445,
0.17287864446329815,96.95304695304695,0.4755761728194576,0.41499254228116705,0.10943128489937537,
0.172956342011075,97.05294705294705,0.3882588901539488,0.49874476706918297,0.11299634277686821,
0.17303051858774726,97.15284715284716,0.41651239881729724,0.47240262041098746,0.1110849807717153,
0.17314720998541158,97.25274725274726,0.3933020795361863,0.4953980754459268,0.11129984501788692,
0.17315802817925044,97.35264735264735,0.45961478403671224,0.4323256139959447,0.10805960196734302,
0.1732900629058155,97.45254745254745,0.4574274248332611,0.4354162584824725,0.1071563166842664,
0.1733265504122405,97.55244755244755,0.398926976855519,0.491409419015842,0.10966360412863904,
0.17333218929684657,97.65234765234766,0.46564673573339316,0.4279097675672524,0.10644349669935443,
0.17336071369643055,97.75224775224775,0.39758399753192725,0.49294911862484575,0.109466883843227,
0.17337837438250003,97.85214785214785,0.40582940341594115,0.48523109853802426,0.10893949804603462,
0.17340454480432282,97.95204795204795,0.4489963189734401,0.4443194024231094,0.10668427860345045,
0.17344417327987685,98.05194805194805,0.44397882140548933,0.4494003461221682,0.10662083247234244,
0.1734799292151966,98.15184815184816,0.4087237595660698,0.48324944445333373,0.10802679598059642,
0.17351270748936587,98.25174825174825,0.4782793807729904,0.41725604701596414,0.10446457221104544,
0.1736970214579349,98.35164835164835,0.44379629204216425,0.4515034510806327,0.104700256877203,
0.17371857629096743,98.45154845154845,0.3972872255810281,0.49596230097203325,0.10675047344693867,
0.17373567212646088,98.55144855144856,0.4795631112237622,0.41773469732882057,0.10270219144741721,
0.17375337500771404,98.65134865134866,0.46641162733679314,0.4303950053081492,0.1031933673550576,
0.1737686912714152,98.75124875124875,0.39665119420417266,0.4969504299954114,0.10639837580041592,
0.17377819150473295,98.85114885114885,0.3944667252990505,0.4991033663130909,0.1064299083878586,
0.17385675172452772,98.95104895104895,0.4296083635801549,0.46623453892260813,0.10415709749723692,
0.1738829188901067,99.05094905094906,0.4673520901691976,0.4304877638548284,0.102160145975974,
0.1739500451884013,99.15084915084915,0.4313081318353352,0.4653275530683533,0.10336431509631155,
0.1739710971734057,99.25074925074925,0.43586067953417,0.4611524196031378,0.10298690086269222,
0.17400093597702782,99.35064935064935,0.39858362518216733,0.49688207803609064,0.10453429678174206,
0.17400855000369359,99.45054945054945,0.4142098134789454,0.4820580784661236,0.10373210805493097,
0.17408103656106189,99.55044955044956,0.4100335199927179,0.486588586605611,0.10337789340167111,
0.17410504574281221,99.65034965034965,0.4716043120378484,0.42813288487135104,0.10026280309080055,
0.1742648079085261,99.75024975024975,0.4113881124214787,0.4867006989286974,0.1019111886498239,
0.1742970374117579,99.85014985014985,0.40502873040566284,0.4930031736058581,0.10196809598847908,
0.1743002672905532,99.95004995004994,0.43684871433050027,0.46272304786719426,0.10042823780230548,
