Total_Portfolio_Variance,Portfolio_return,Equity_weight,gold_weight,gsec_weight 
0.01703081287153577,0.16168085305194135,0.34748776549910215,0.4515408654490396,0.20097136905185825
0.020749306917152398,0.15675105829510524,0.43769467994529637,0.32801442078671406,0.23429089926798957
0.016492457320483326,0.15658901466143116,0.358728596793021,0.40198385694364314,0.23928754626333587
0.01777684434210113,0.15975257826094835,0.3744684062337517,0.41113198795655725,0.21439960580969103
0.021321941971604533,0.16161769885824148,0.4351429052349958,0.36757783961930635,0.19727925514569783
0.013098628999827971,0.15495893602257674,0.2616882030179222,0.4819656210851721,0.25634617589690567
0.014069737976091286,0.15071169296017933,0.3247826979768001,0.3894685142985689,0.2857487877246311
0.013644228078535523,0.15345894102998522,0.2970029947513713,0.43688728614426103,0.26610971910436765
0.01310045475805669,0.15399813611084398,0.2718387962746936,0.46496734277237434,0.26319386095293207
0.013489310753652178,0.15241642511576545,0.2987023500658131,0.42731430748512417,0.27398334244906275
0.01848837731601404,0.16167319976124767,0.38200237266659204,0.41861138974244577,0.1993862375909622
0.0210424907119875,0.16236608006793204,0.4283342107664762,0.3797725699870589,0.19189321924646494
0.018183170450583003,0.15977093353255012,0.3830579824593872,0.4030914861227861,0.2138505314178267
0.021907536131071884,0.16513375459981988,0.43493071283537593,0.3946079300187424,0.17046135714588168
0.020981897514391872,0.16987140664981032,0.3993502228277341,0.4646430920673337,0.13600668510493225
0.013711044647120463,0.15614409696058346,0.27790847866653673,0.47556067295675647,0.2465308483767068
0.017786177646419293,0.15266368431780458,0.39759188131872664,0.33502035092059607,0.2673877677606773
0.01534355252955835,0.15302477017632368,0.34657972482436633,0.3863585310341796,0.26706174414145406
0.017011074367506412,0.16359797883903732,0.33524836608302394,0.47782538609809133,0.1869262478188847
0.026025647314597593,0.164654026024614,0.49797455277707686,0.3309057341541773,0.17111971306874585
0.01563218429578453,0.15910996342547418,0.32335332407783185,0.45490981443488365,0.22173686148728447
0.014358503014465852,0.15754231856034764,0.29166071808794874,0.4731319203111609,0.2352073616008903
0.01998954568318369,0.168684710511944,0.38308970202558684,0.4710746551513138,0.14583564282309935
0.021171338814394376,0.16499652990168856,0.42240227658709434,0.40549273950587833,0.17210498390702733
0.024106767049441976,0.17244912990315736,0.4487045812907174,0.4373072973239255,0.11398812138535713
0.022148231578776146,0.1723380701094556,0.41236446048966374,0.4710695611839501,0.11656597832638615
0.019741757139061036,0.1700309744489424,0.3695120906736063,0.4942779077520398,0.13621000157435392
0.02274171954210005,0.16370951910288065,0.4525816370201626,0.3669303948227697,0.18048796815706775
0.018073712348812967,0.15120128032130298,0.40610629744879495,0.31575302769028296,0.2781406748609221
0.014337907371095908,0.1534005145485668,0.3188615761772107,0.41562377104249626,0.265514652780293
0.022408191072705946,0.15925000266731193,0.4577297434294226,0.32800069184378794,0.21426956472678946
0.026254089266793804,0.1666502171797039,0.49711506951339574,0.3469555109209985,0.15592941956560574
0.018560207798085555,0.15971540279807891,0.3909516036081004,0.3951500384947586,0.213898357897141
0.018012287979955917,0.16243457847652265,0.3679945366157405,0.4377616235650994,0.19424383981916007
0.021561866471162296,0.161284260349799,0.43994823146072976,0.3604571519464508,0.19959461659281946
0.016062252656972788,0.16076361955341045,0.3256218124833326,0.4653669775782394,0.20901120993842798
0.015486671129973031,0.15444220637761022,0.3440583219195737,0.3995751075482581,0.25636657053216827
0.013835470559384468,0.1550437267056356,0.29228768074361106,0.45347020357086326,0.2542421156855257
0.02280876892609721,0.1605197584349121,0.4610170142024051,0.33455837130380717,0.20442461449378774
0.01590284601873262,0.1548698602259378,0.3521832526108322,0.39510013160306146,0.2527166157861064
0.01748717215981878,0.15452075802450888,0.3868879186489054,0.35938434386060625,0.2537277374904883
0.020510390838764322,0.16860566304637153,0.39513139690519944,0.4590032220576271,0.14586538103717347
0.019371298094351702,0.16450718632602462,0.38900089993328574,0.4335698385185299,0.1774292615481843
0.014288343788063427,0.15353257919425325,0.3167176873117444,0.4186732434620519,0.2646090692262037
0.02050818636314,0.15427729519120914,0.439029945593798,0.30786757612058835,0.25310247828561366
0.01483997114748197,0.15387819621590385,0.33021709282150885,0.40845376350668827,0.2613291436718029
0.025399163943221142,0.1667952606782706,0.4848985850441068,0.35969696947922475,0.15540444547666846
0.023836697568814146,0.1743002672905532,0.43684871433050027,0.46272304786719426,0.10042823780230548
0.015996993567785014,0.15428279220565805,0.3566923081833591,0.3863263776550633,0.2569813141615776
0.017282277757040505,0.16067529462921196,0.3590363563845829,0.4328696460226607,0.20809399759275637
0.016857797613200453,0.16475637123483497,0.32191170237492966,0.49936567816195104,0.1787226194631193
0.022186123738610536,0.170739783975592,0.420078662159137,0.45152754764391473,0.1283937901969483
0.01742911073787021,0.1567528866840351,0.37846377744654397,0.38443879886870336,0.23709742368475267
0.016971933314843403,0.16118801661628354,0.3486427791960079,0.4466804398905531,0.204676780913439
0.016204477839949043,0.1541459591616214,0.3618237700887517,0.38039521181161284,0.2577810180996355
0.02201338136965996,0.16852738546188467,0.42542329339500934,0.42955650535328016,0.14502020125171047
0.015609818550393312,0.15270951619331297,0.35393934531719823,0.3769439307612153,0.2691167239215865
0.015689071743410218,0.14959545263714574,0.36595878943916765,0.34173608716291637,0.292305123397916
0.020385615700877754,0.15673545717051576,0.4319479847660897,0.3333684292866596,0.23468358594725072
0.012176347091724318,0.15315793445200743,0.23012201578245423,0.4982867834105504,0.2715912008069954
0.02344761486863948,0.1727484196616913,0.4358506257755416,0.4518327923998688,0.11231658182458959
0.020187022776083526,0.16882776976178224,0.38689178125262397,0.4685451867943417,0.14456303195303433
0.022155528140531164,0.15866125634126846,0.4551813696976384,0.32593549865663,0.21888313164573156
0.013014790544992556,0.15017638215128226,0.2971069880698926,0.41174185663342,0.2911511552966874
0.017298582467688832,0.15402416279654335,0.3847332874317337,0.35764728341298313,0.2576194291552832
0.013087704200713339,0.15188983111290413,0.288516540948032,0.4329970989532179,0.27848636009875005
0.016118551897651105,0.15673906742204988,0.3492295446237231,0.41217550410407056,0.23859495127220637
0.02592904444999095,0.166688011346032,0.49257292327811814,0.3515697426743029,0.15585733404757895
0.01624807829244735,0.16281523713468582,0.31673045353613866,0.4894890771740813,0.19378046928978007
0.018761211034396104,0.15120775861312222,0.41754030537293124,0.3049129181447363,0.27754677648233245
0.016277556957025246,0.16159382312255852,0.3266293191984118,0.47074201719461983,0.20262866360696832
0.013098918199787394,0.15472385942271594,0.2643512185809343,0.477635746133055,0.2580130352860107
0.024611422897067418,0.16335714919910138,0.4811300222376869,0.33705280320170583,0.18181717456060725
0.01418987791542855,0.15427797508932728,0.309431196135543,0.43130024029486097,0.25926856356959604
0.018709671445486936,0.15300411434073904,0.4128419347381655,0.3230940084113887,0.2640640568504458
0.01272926061189104,0.14904697174404063,0.29459361586500304,0.40551798527964855,0.2998883988553484
0.021893208712515887,0.17400093597702782,0.39858362518216733,0.49688207803609064,0.10453429678174206
0.019656079485825647,0.16191603658770715,0.40466922500536867,0.3988767738375167,0.19645400115711464
0.017974779398158332,0.15321253362628495,0.3995755178982408,0.3373189695503214,0.26310551255143777
0.025332750599362765,0.1641326655514759,0.4895939186808434,0.33490924255004734,0.17549683876910924
0.014246661049725697,0.15266655718530717,0.3201391811299626,0.40880680506026545,0.271054013809772
0.0234557949091959,0.17120324928742367,0.4417651750064097,0.4344100156493423,0.123824809344248
0.015444442683038321,0.15964525285694528,0.3137966975814707,0.46809570457562727,0.218107597842902
0.02577387295866709,0.16745487050392027,0.48872493679326606,0.3610857383155641,0.15018932489116982
0.02077915702299028,0.16879694512042628,0.3999926119453762,0.45583299910577085,0.14417438894885293
0.021653245989816106,0.16556796948577734,0.42914088934150124,0.40343517287031233,0.16742393778818643
0.02457305835536275,0.16461684476657362,0.47792577462068736,0.3497161251890968,0.17235810019021588
0.019462849261486927,0.16220998907513862,0.3998936794536004,0.4056678150206862,0.1944385055257134
0.016888664547549653,0.15114757828370176,0.38504275552730155,0.33540380527510844,0.27955343919759
0.011847027684279891,0.1513846974088891,0.2358343503721893,0.47931641126569746,0.2848492383621133
0.02346670672845987,0.17228456705931894,0.4379846786551282,0.44626109859113405,0.11575422275373773
0.01519574873100802,0.15954794565285427,0.30606724168296645,0.47471462915242524,0.21921812916460834
0.021081061693402712,0.16811250478615622,0.40913475287293616,0.44190381496459563,0.14896143216246818
0.02003900329252844,0.15569370932170956,0.4287103842903727,0.3285031773902425,0.2427864383193848
0.0159200761901229,0.1625347154860045,0.30744739354722467,0.496189673738733,0.19636293271404234
0.022074781686203623,0.17337837438250003,0.40582940341594115,0.48523109853802426,0.10893949804603462
0.0172448046684736,0.16143973732629718,0.354295914005662,0.44321716238203684,0.20248692361230114
0.020238899805078973,0.1592311288266773,0.42334210129520106,0.3606068426158195,0.21605105608897945
0.0167030002627123,0.1636145892418224,0.32563496488251037,0.4871077531324269,0.18725728198506275
0.02498787305140688,0.1725906582858064,0.4629998379687528,0.4247726381253075,0.11222752390593968
0.020588000561817272,0.16082641830006264,0.4249291584177997,0.3712676426148849,0.2038031989673154
0.013354102577489148,0.15248182086906914,0.2937337926477735,0.4325452494523354,0.2737209578998911
0.01757821889238168,0.16372668329486928,0.3503867671680457,0.4643898832274145,0.18522334960453982
0.023464921379907057,0.1739500451884013,0.4313081318353352,0.4653275530683533,0.10336431509631155
0.016451645497101628,0.15898569194940648,0.3467482382899197,0.43168071749747805,0.22157104421260226
0.022253161820761244,0.1742970374117579,0.40502873040566284,0.4930031736058581,0.10196809598847908
0.015073703653687308,0.15998789068775401,0.2979374301843501,0.4858141555884857,0.21624841422716423
0.02057622521608037,0.16114439544410575,0.42381977961859446,0.37475040522383657,0.20142981515756897
0.026599852981206238,0.17165990154131563,0.49039879074334763,0.3915765715808316,0.1180246376758208
0.02328797319643586,0.16638046477276683,0.4541379692483221,0.3858278654537344,0.16003416529794354
0.011539245238512446,0.15089261495246004,0.22093552639119568,0.4897511197865486,0.2893133538222557
0.019622818975092642,0.15377795585086518,0.42616449190650113,0.31631036894816383,0.25752513914533504
0.020738671829468876,0.17137596855327733,0.38624306763300004,0.4886061266932743,0.12515080567372566
0.014080567192207943,0.15235614421766547,0.31706910398666405,0.40936219551381886,0.2735687004995171
0.01819718079993944,0.15371180961121414,0.40226724827171906,0.338564961148516,0.259167790579765
0.023164024149429394,0.17021293923379055,0.440124850745179,0.42841602477416607,0.13145912448065497
0.02318825422995177,0.16656846712760923,0.45200915694328186,0.3892897918598408,0.15870105119687736
0.02072879087449312,0.1645686693352032,0.41573388362538505,0.40857895829312607,0.17568715808148888
0.01649686267213286,0.16365926830151986,0.318483018214288,0.4942600437506426,0.18725693803506946
0.01816518114420466,0.16170141776244293,0.37482124359513774,0.4256658729444045,0.19951288346045776
0.015573004342809303,0.15822787040760547,0.3270485955485803,0.44466001113935716,0.22829139331206258
0.01696824292112541,0.15514661028994717,0.37452368493867666,0.37593515493642493,0.2495411601248984
0.025795906296326828,0.16857524217926662,0.48644465155044164,0.37180603446454474,0.14174931398501361
0.015035178441518436,0.15275332659597737,0.34029594847990824,0.3902719317073343,0.2694321198127575
0.014935542870450621,0.154755110221752,0.32839148983370353,0.4168834121728825,0.254725097993414
0.02512056060994743,0.1618083073402492,0.49106689137625664,0.3157712286603018,0.19316187996344159
0.022080576376734735,0.16333911262744136,0.4429758009751566,0.3732525634624247,0.1837716355624187
0.017864115626219243,0.1505465145691713,0.4039702172746917,0.3127914361147644,0.2832383466105439
0.015191149239802323,0.15948185684414828,0.30642299793397637,0.4738715464607456,0.21970545560527807
0.011546471897159261,0.1503487253405081,0.2310848736995867,0.47593511260264676,0.2929800136977665
0.013682839123995922,0.14959286959278795,0.3196039433752281,0.3858638849553326,0.29453217166943935
0.01621357481019606,0.15984018731429678,0.33576820499164645,0.44865782060473536,0.2155739744036182
0.01941086122364622,0.16223975831372248,0.39876276105658653,0.4069720244963592,0.19426521444705425
0.012654570013812557,0.15103266156128983,0.2788176042686363,0.43569386386584713,0.2854885318655166
0.02299644936310512,0.15921205824012932,0.46639108479159613,0.31946226754903817,0.2141466476593657
0.015393714497421957,0.15520566409614828,0.3382528829776113,0.4109293916121525,0.2508177254102362
0.015703329180150563,0.1557602905241251,0.34347881261961694,0.4101841899231792,0.2463369974572039
0.014344557727564364,0.1545200726691563,0.31272130072067633,0.43001404366946333,0.25726465560986034
0.024895024336364913,0.16608280262910108,0.4792842276666465,0.3596078250561053,0.16110794727724823
0.01980606870858743,0.15269258474019834,0.4312421442790903,0.30319297081065794,0.26556488491025176
0.017144358539341466,0.162184644066134,0.34767434653065804,0.4552071657308062,0.1971184877385357
0.019143808665003367,0.16683794545849917,0.37277041022081575,0.4668114813873153,0.16041810839186896
0.020794299610555556,0.16082907975219235,0.4284428651575047,0.36794155989634875,0.20361557494614657
0.01669215632000696,0.15232989092500251,0.3779418050204855,0.35118783309545576,0.2708703618840587
0.014282037288358251,0.14959809642934202,0.33483319554708596,0.371399705486199,0.29376709896671505
0.024585579712721368,0.16818450508257715,0.46951510536010016,0.3849480450599548,0.14553684957994506
0.025360592429255233,0.16186759546039944,0.49416719894689237,0.3132709292226105,0.19256187183049708
0.025976272245494716,0.17197821286010564,0.48031822015694264,0.4036058828153312,0.11607589702772614
0.02512366742075702,0.1620970386859074,0.4905921932551172,0.31842638343531693,0.19098142330956586
0.02535677040167793,0.17197080476036147,0.4708076032083313,0.41260709544089563,0.11658530135077307
0.01922153471686559,0.15265145541431563,0.4220524472228749,0.3116312474843405,0.2663163052927846
0.014983435413420376,0.15994587163590998,0.2948037442492302,0.4884780094013268,0.21671824634944298
0.01421749516590129,0.1505985871195372,0.3291074650821702,0.3844866717300553,0.2864058631877745
0.02308734354150402,0.17276814855727424,0.42904130942878776,0.4584683948938838,0.11249029567732843
0.021861763873795213,0.16734265760443737,0.4268977817578698,0.4191125886362004,0.15398962960592982
0.021177629494717718,0.15746389447842946,0.44283605615009686,0.32855690903698204,0.22860703481292113
0.0244533068818868,0.17053626282410056,0.46076117587449467,0.41122937119483394,0.12800945293067142
0.01394532765651768,0.15517179349717766,0.2952830347364657,0.4515946509827031,0.2531223142808311
0.015929848705076487,0.1614942728055751,0.3162204166987676,0.47989568239406066,0.2038839009071717
0.013993456439129075,0.15643243200638252,0.28695631029354945,0.4691437209020175,0.24389996880443301
0.013787872912335467,0.1557023566915833,0.28512094595510856,0.46532111046286373,0.2495579435820277
0.021482010102211645,0.16166300421133534,0.43766234103534457,0.36552406133291226,0.19681359763174316
0.01675374112779454,0.15181279267036055,0.38064488307759375,0.34466793827245684,0.2746871786499494
0.022081422131347297,0.16350907272532408,0.44252884071553195,0.3749750597991115,0.18249609948535656
0.022778784301470466,0.1695181400917336,0.43574627650999426,0.42728468306653733,0.13696904042346839
0.013170414606475979,0.15396365082594668,0.27518268525875694,0.4615195565219324,0.2632977582193107
0.017909177584740393,0.15338167098801628,0.39795727503919737,0.3401506963992325,0.2618920285615701
0.018897512416148562,0.16580728705315595,0.37224919416630714,0.45944380871716445,0.1683069971165284
0.012524654498021507,0.15292040508106697,0.255572000779747,0.47223630093398333,0.27219169828626966
0.020500586045351404,0.17127405905602264,0.38112402828914355,0.49270382218430636,0.1261721495265501
0.018161977229296647,0.15017082424373057,0.4097952041892257,0.30437725493327356,0.28582754087750073
0.014615323483955498,0.15569949460420973,0.3138269289623625,0.4379602196280883,0.24821285140954924
0.021590840504726743,0.16197837605721258,0.4386128755464716,0.3670251214221472,0.19436200303138118
0.016441192817473985,0.14853113322852932,0.3833342028599774,0.31706715399674246,0.29959864314328016
0.02150475146451161,0.16282239551297237,0.4348797035670677,0.37702051380834517,0.18809978262458715
0.021659894693372813,0.17377819150473295,0.3944667252990505,0.4991033663130909,0.1064299083878586
0.019810556996077845,0.16204551920697802,0.40716170294679693,0.39749095416039554,0.19534734289280753
0.020615724854013234,0.16960258664967537,0.3926590886467695,0.46896447117440004,0.13837644017883044
0.01933297670915876,0.15629368471955765,0.4155243707281215,0.3456391923960651,0.2388364368758134
0.02495323270326805,0.16414656886177054,0.4843092011412941,0.3400483950113933,0.1756424038473126
0.017261599941393656,0.15265084355108624,0.38798098485165927,0.34407561590692093,0.2679433992414198
0.015908797677509558,0.16013264980685704,0.3251142764354243,0.4610359572759606,0.21384976628861513
0.02288064435587808,0.16976577734987489,0.4366853659139795,0.42827981878874116,0.13503481529727934
0.01920367038961671,0.15394165528920653,0.4189767886600854,0.32440485578741274,0.25661835555250184
0.015119330941943766,0.1537966213639917,0.3378177463722208,0.4005926125587552,0.261589641069024
0.014049494137862483,0.14998425401544643,0.3274634355882375,0.38136496691359334,0.2911715974981692
0.016839308187961463,0.16096401313702183,0.34638749171042377,0.447119156199071,0.20649335209050523
0.01285209077830214,0.15486304887314706,0.24922584039467205,0.4931029146003689,0.2576712450049591
0.01668433663966061,0.1594111117239768,0.3505027164364248,0.43135103424872134,0.2181462493148539
0.014240501110910558,0.15818274014159645,0.28082950958866953,0.48833387217949825,0.2308366182318322
0.02283696952176002,0.16633479587282118,0.4469541910448121,0.39232110414221116,0.16072470481297674
0.02321317939936335,0.15961132789140325,0.4687279397064292,0.3202831735774649,0.2109888867161059
0.013916817633524406,0.15490881139312537,0.29621184062954004,0.44870348263159043,0.2550846767388695
0.022030234052233203,0.16923801356499024,0.4230671641789468,0.43722263254747507,0.1397102032735781
0.025609438651934602,0.16545644017432576,0.4907338507561904,0.34392417957515475,0.16534196966865483
0.01877674737781683,0.16863702088577243,0.3524517206220568,0.4998898291711726,0.1476584502067706
0.020193387829294078,0.16764920612297993,0.3927093266250076,0.45401205594800487,0.1532786174269875
0.01981900703403032,0.15284313104659633,0.4311537428428808,0.30442585231512564,0.26442040484199353
0.01705445594188109,0.1540320962337264,0.37991858972322373,0.3622932466161895,0.25778816366058677
0.01580952552452696,0.1559885717485447,0.34506685822512145,0.4104135823663768,0.24451955940850173
0.01476412448964171,0.15871352871787842,0.297165561194392,0.47682570754471,0.22600873126089796
0.020740579687033626,0.16959193829648073,0.39545866018181214,0.4662169620555706,0.13832437776261725
0.01640309200528771,0.15341400246438394,0.368649428677369,0.3683096464777779,0.2630409248448531
0.015362919438699335,0.15497442923013263,0.338559436266851,0.40887308116267407,0.252567482570475
0.017019803222130852,0.15831530344690095,0.3635530981479718,0.4105609175885301,0.2258859842634981
0.014644137148701844,0.15199123011205729,0.33386928526225806,0.39057766422306245,0.2755530505146795
0.021748530795077953,0.1733265504122405,0.398926976855519,0.491409419015842,0.10966360412863904
0.018480928914472308,0.16383889701256374,0.3722266007909408,0.4444462320262683,0.18332716718279088
0.020349141871958586,0.16418762510497567,0.40992520353985545,0.41120361753796225,0.1788711789221823
0.019875525874057783,0.1658809863881018,0.3937970230143531,0.43948438733421274,0.16671858965143416
0.014822102127117447,0.15688677484001948,0.31270876423388366,0.4480842552465417,0.2392069805195746
0.014478719027873975,0.1586397711178426,0.28653192513785825,0.4863902069452668,0.22707786791687498
0.01639640368577658,0.15571069752793187,0.3601090521490405,0.3939674526704807,0.2459234951804788
0.013867608692901507,0.15349193210245776,0.3041483483220006,0.4303339087572966,0.2655177429207028
0.023574006717459534,0.16592879460113807,0.4598639721393785,0.3769282178792642,0.16320780998135725
0.02231020118832416,0.17146987832990065,0.4194516025190786,0.4576954708754237,0.12285292660549765
0.02106198423993597,0.1597202923835309,0.4357809016848469,0.35249274391209817,0.21172635440305493
0.021417734152790996,0.17228913021404624,0.39694856328286937,0.4853779611503393,0.11767347556679131
0.017817608188162772,0.16527210758509223,0.34754342129399846,0.47888963953920194,0.17356693916679963
0.023963488307249325,0.17178855552193348,0.44854357414992135,0.4324203616876775,0.11903606416240112
0.01371727395281083,0.15635166728544994,0.2761427297466023,0.47882613081827075,0.24503113943512697
0.01992913132946645,0.17077216100605216,0.3697927066099443,0.4996660124562204,0.13054128093383532
0.0265440475971185,0.1677926130556207,0.49868091230301376,0.3541808729049812,0.1471382147920051
0.015715671338597956,0.16136492519974344,0.3098921905575483,0.48493562860830275,0.20517218083414893
0.022871117725402682,0.1719431521069309,0.4283016673338685,0.45287797696940374,0.11882035569672778
0.015331592325571713,0.15620261578652958,0.3316249024386702,0.42484864124051047,0.24352645632081932
0.018677683445653775,0.1554297785547891,0.4063292070847046,0.34780477178119007,0.24586602113410533
0.018641707186376047,0.1529426814901081,0.41183418000295463,0.32358503423971896,0.2645807857573264
0.013477754942545802,0.1552583564883425,0.276301572474787,0.47033273600912595,0.25336569151608707
0.0164313668253698,0.1531064187304756,0.37025875296597605,0.36443004812534296,0.265311198908681
0.019548427561928993,0.1630059103060509,0.3986562153438932,0.4129193446665715,0.1884244399895353
0.012878516717032665,0.15154314611558925,0.2834232733321324,0.4352025782620498,0.28137414840581776
0.02006687000024551,0.1680329964788096,0.38811159415741286,0.4613192268379074,0.15056917900467973
0.020487874092301708,0.1703427344924252,0.38596462751265076,0.48098758605230424,0.133047786435045
0.019230178012473523,0.15689126470854783,0.4121782135452699,0.35338563101354364,0.23443615544118648
0.023616424262432472,0.16958321732621756,0.4499821991017227,0.4142231994999439,0.1357946013983334
0.015619237967630857,0.1597721641446414,0.3185526666930177,0.46453455772186353,0.2169127755851188
0.01353002676757613,0.14904575946668175,0.31799055441619745,0.3832259194771984,0.29878352610660414
0.014170871449913318,0.1559701359503358,0.2973335313929701,0.4557332612545719,0.246933207352458
0.01640034628048708,0.1580224343033736,0.3501798073014322,0.4210627620124754,0.22875743068609242
0.016890512880496457,0.1558377726121153,0.37045133136748926,0.38508725612828765,0.2444614125042231
0.01981856610912368,0.15479128283750498,0.4271444656657262,0.32310888800448656,0.24974664632978721
0.024477710939295655,0.16092172688004686,0.48394972719895674,0.3157847513164755,0.20026552148456778
0.019544218100191114,0.16115623221965994,0.40511652310313734,0.39265336060421213,0.20223011629265053
0.018943386444686235,0.15591344599286172,0.40974272893760594,0.3482442469695025,0.24201302409289155
0.017439185872698548,0.15334311066081804,0.38939516806470703,0.34801086959124494,0.262593962344048
0.01594039901828498,0.15385405734657026,0.3570616047218534,0.38270335882323187,0.26023503645491475
0.018461714109400038,0.164672810201837,0.367623828804504,0.45519270329799705,0.17718346789749895
0.018122457472774224,0.16134705544693603,0.37540297609459433,0.4224080070111681,0.20218901689423757
0.016419588800135266,0.158675451330082,0.3474907232007964,0.42860640868817423,0.22390286811102936
0.012558967448983995,0.15072118257545725,0.27752332194124846,0.43454988597625244,0.2879267920824991
0.014313093265323209,0.15373228218880466,0.31633133280432807,0.4205649624950598,0.2631037047006122
0.02269720937942882,0.16968743127023517,0.4336825127517438,0.4305418895075217,0.1357755977407345
0.020001466017378518,0.16773198596510397,0.38810621504556825,0.4590275970432924,0.15286618791113937
0.018714172039782515,0.15307817652524153,0.41274928992511223,0.3237473465704943,0.26350336350439346
0.02070115320044725,0.16690459217676604,0.40646972509457374,0.43522539470534566,0.1583048802000806
0.014049697446105907,0.1581703602447087,0.2721324119282302,0.49652236841299624,0.2313452196587736
0.011507640861373793,0.1495763581980236,0.23941588883648995,0.4621075358418102,0.29847657532169986
0.017809997813565143,0.15197096770896365,0.39973813932902874,0.3276907684534357,0.27257109221753556
0.018677254834498013,0.15793044625402966,0.399142183939234,0.3737300090259038,0.2271278070348622
0.018827275912694782,0.1685631854149488,0.3543671628946113,0.49750222193849886,0.14813061516688986
0.014418282164563593,0.1536309206223564,0.3199144809964661,0.41637903467484766,0.26370648432868626
0.023477913342522035,0.17197297684161694,0.4393565882870139,0.4425770395738827,0.11806637213910337
0.01997374670789753,0.16862126912756703,0.3830510839202819,0.47062736759868457,0.14632154848103351
0.020531801646320492,0.16635711822575097,0.4052857571635398,0.4321756804659643,0.1625385623704959
0.016227331209657664,0.14877825525273392,0.3787322920430614,0.32333550558401564,0.29793220237292295
0.02214867014148399,0.16993117694087162,0.42261566207657203,0.4429415694090152,0.13444276851441275
0.02042555413304015,0.16068838653813225,0.4225139806934129,0.37251461181364176,0.20497140749294535
0.020912821799472188,0.16813856533372298,0.4056379013666695,0.4454329979844164,0.1489291006489141
0.020638207958300032,0.17103745901743134,0.38573395956339757,0.4865081162976247,0.12775792413897774
0.017330160994127288,0.15700675951239987,0.37549380410349814,0.3892044326711441,0.23530176322535779
0.016910831791770328,0.15773474088553574,0.3635142793822462,0.4061681134745576,0.23031760714319624
0.024017810447399993,0.16625043796400574,0.46586691463531243,0.3736653096578148,0.16046777570687276
0.015730278362645064,0.1592897861021812,0.32515772668621606,0.4545634068614929,0.22027886645229103
0.020120939709051176,0.15766953868536018,0.4253925296688685,0.34673889868705654,0.22786857164407498
0.018336856143430363,0.15549468212831075,0.4000123847813228,0.35431602114159033,0.24567159407708689
0.022306604489101024,0.17209616060208474,0.4166709735314414,0.46512231327009457,0.11820671319846407
0.025060877630011497,0.16757707113512788,0.4781727105749602,0.37206789347627167,0.14975939594876816
0.01603231384386266,0.15114073692308067,0.3683021122950983,0.3512950868746799,0.28040280083022184
0.015774577419995505,0.14859794805607077,0.3704825809702597,0.32981660999069234,0.29970080903904794
0.02597994503063725,0.1635327230480568,0.4994322598006407,0.3209617404826458,0.17960599971671348
0.0144052141931825,0.1591785898548476,0.27773557063653603,0.49887895705605523,0.22338547230740877
0.014502122501455458,0.15699811501383565,0.30129574284543564,0.45980334914411686,0.2389009080104475
0.019161902908976527,0.1574988865127723,0.4093016212152692,0.36076148513083744,0.2299368936538934
0.020362913346030662,0.16150335498491367,0.41901575600170066,0.382064581399789,0.19891966259851035
0.015308007453040852,0.15181923711759038,0.35042707581423,0.37349599676421075,0.27607692742155926
0.01628220800031302,0.15384011222441252,0.36461470049836514,0.37540352542515176,0.2599817740764831
0.015217374054187405,0.1500461482778542,0.35464624112346316,0.35594882251982257,0.28940493635671427
0.026639986637243627,0.1712211670780636,0.49209419868060916,0.3866142901365229,0.12129151118286796
0.017932400736301146,0.1598929034308324,0.37727356152317065,0.4095311102908956,0.21319532818593373
0.02452255170133635,0.159587917173177,0.4868700054054094,0.30282637523876993,0.21030361935582068
0.014326736786377303,0.15029265089778188,0.33313963573132827,0.37831216960878566,0.28854819465988607
0.014418605782891876,0.15641414977130935,0.30269599795170327,0.4540140344810162,0.24328996756728055
0.011695333552232276,0.1517153886424537,0.2176210808415308,0.4991856165910506,0.2831933025674186
0.012802678724727167,0.15469528394215898,0.24859328784892415,0.49242527593083185,0.25898143622024405
0.013437889942829651,0.1523492070932604,0.29743747272467397,0.4280060704972337,0.27455645677809226
0.014760072077809452,0.1600117732898998,0.2848697299911213,0.4984418216555091,0.21668844835336956
0.02047611982873963,0.1549582083248672,0.43719003191920597,0.3148153396667149,0.24799462841407918
0.011635287474483837,0.1505511282966683,0.23409262681031545,0.4746149467637921,0.29129242642589237
0.01358959890885891,0.1532741330747391,0.2964023953110336,0.4360491752382589,0.26754842945070745
0.017867479566178613,0.16332380455674683,0.360062679354259,0.4521006998836228,0.1878366207621182
0.02359711958337963,0.17027615716743713,0.4474022490317782,0.4219675256398262,0.1306302253283956
0.019162124645430486,0.16368131748312412,0.38804598172082944,0.42817778914888316,0.18377622913028738
0.0220193907250443,0.16052204638158993,0.4490536901136987,0.34596947951313584,0.20497683037316544
0.022664015348191666,0.15937454371826903,0.4612486050918229,0.32559965823589637,0.21315173667228068
0.02230653901453669,0.1727747268780352,0.41360517540795044,0.4732196798674274,0.11317514472462217
0.018067213287233645,0.16194426124251976,0.3715344169270434,0.4306491165668287,0.1978164665061279
0.02550343959051297,0.16301689753496712,0.49402580274178703,0.32217492964299427,0.18379926761521873
0.02469661459696499,0.1616394557966223,0.4856331604363298,0.31965785339152586,0.19470898617214433
0.014613882953886248,0.15836870731726835,0.2943976077375316,0.47683081972360264,0.2287715725388658
0.022738312198598735,0.17223723919124095,0.4245586999942779,0.45868663655962605,0.11675466344609603
0.018370635924478136,0.1567499733275024,0.3969881747588319,0.36677427266740675,0.23623755257376133
0.018007694942723085,0.16375445224266447,0.3612834546782466,0.4542239585216902,0.18449258680006328
0.01918653178913611,0.15467545875398922,0.41700232424885914,0.33188432369355125,0.2511133520575896
0.02263573772931475,0.17181781232576984,0.424324443956086,0.4557094514595811,0.1199661045843329
0.017581154818462334,0.15456770804808762,0.3885529175642483,0.35815686468979746,0.2532902177459543
0.02419473567922374,0.16762671895068454,0.4649953688543495,0.3849965723465939,0.15000805879905663
0.02371156878158475,0.1739710971734057,0.43586067953417,0.4611524196031378,0.10298690086269222
0.019117833003548412,0.1677903138438235,0.3668620924371963,0.4797051604635003,0.15343274709930338
0.021010079897219418,0.15933819234687535,0.4358814861206622,0.34948147185381223,0.21463704202552558
0.01746468606808133,0.16340360328672351,0.3492320288508212,0.46302448873727803,0.18774348241190075
0.024466169330787838,0.1603010768863285,0.48489422643109875,0.3101495803681375,0.20495619320076372
0.017753971378217045,0.16235711456827098,0.3622166266482007,0.4426733386754242,0.1951100346763751
0.015064437300224321,0.15560652588679075,0.32746001286136545,0.42426695564633327,0.2482730314923013
0.024787901140434002,0.168602997192195,0.4714893795402287,0.3862609364163785,0.14224968404339283
0.019157280491649376,0.1572151108917686,0.4100101720879156,0.3579214261558854,0.23206840175619897
0.026132440142799897,0.17351270748936587,0.4782793807729904,0.41725604701596414,0.10446457221104544
0.017677163696358873,0.15855735659384118,0.37703640854778314,0.3995665593202146,0.22339703213200224
0.017398441896593484,0.16495375942563928,0.3375666286213877,0.4859623127885159,0.17647105859009637
0.02573594637250759,0.1639761442362874,0.49536910645537197,0.32821477968185436,0.17641611386277364
0.019396052033551586,0.16096284022324764,0.4029512932839356,0.3932398775804787,0.20380882913558573
0.015860636466729455,0.14982892759064867,0.36874322166659906,0.340865691776261,0.2903910865571399
0.021458755805651833,0.17314720998541158,0.3933020795361863,0.4953980754459268,0.11129984501788692
0.02626264120777331,0.1678627381089097,0.49465685459199144,0.35854837586921784,0.14679476953879075
0.012250773938732518,0.1511794567753745,0.2605431217242236,0.45421821472570145,0.2852386635500749
0.01695737394526784,0.15770513457624008,0.3646878401292159,0.404824535378925,0.2304876244918591
0.02179905811534831,0.1623974419900192,0.44090554262798604,0.3680391595600528,0.19105529781196118
0.026764849986156303,0.1717977086729754,0.4924300925995669,0.3906934847706951,0.11687642262973805
0.016704554118489076,0.15298282006986158,0.37620798565049646,0.35782103257852327,0.26597098177098033
0.012716330079326706,0.15329161485570553,0.2611467141440425,0.4697594290252106,0.2690938568307469
0.014965186492801508,0.14906348762793056,0.3524006404488424,0.3505896518515469,0.2970097076996107
0.019198049075908233,0.16422570459789973,0.38649934477867115,0.433804528484285,0.17969612673704383
0.0178485437107074,0.15526992532711817,0.39156217115923103,0.3606489237409152,0.2477889050998538
0.022506483414945936,0.17303051858774726,0.41651239881729724,0.47240262041098746,0.1110849807717153
0.012204069575823089,0.15141664834412313,0.25586132969395886,0.46048687293957574,0.2836517973664654
0.0234405943513225,0.1624544317000823,0.4661842531646954,0.344399017957563,0.18941672887774158
0.019840107261675035,0.1656065793400935,0.3942263419775183,0.4369817472540716,0.16879191076841013
0.012603330754332566,0.14933629501697496,0.28870501369210927,0.41333375965148456,0.2979612266564062
0.015867352980651266,0.14948396758898805,0.3698653149516194,0.33716493710659284,0.29296974794178776
0.0189731680385304,0.15637647710894859,0.40903491768281036,0.35245134630813635,0.2385137360090533
0.020260246734056932,0.16156187941599054,0.41700310050509254,0.3844279473301743,0.19856895216473314
0.023107106864471233,0.17099169872944653,0.43631909116844253,0.43798260554025137,0.12569830329130607
0.020776270790343766,0.16710872431177326,0.40714484466916195,0.4361399802224264,0.15671517510841163
0.015791042461064442,0.15322295693954893,0.35609105267853386,0.37881230952083983,0.2650966378006263
0.016907472813013087,0.1551086996069485,0.37339371775143576,0.3767220511302497,0.24988423111831456
0.017673375800228024,0.16149851388554246,0.3644544639029567,0.4339908188837226,0.20155471721332066
0.013735089022118091,0.15574558267518304,0.28261694786871067,0.4680356927644674,0.24934735936682195
0.02296416696995716,0.16720402598971884,0.4464804378625898,0.3994046466428305,0.15411491549457973
0.01954916336164968,0.16267980567268994,0.39988082346649895,0.40926482586730756,0.1908543506661935
0.011594969342821811,0.1502695678732454,0.23552215733788945,0.47110514223488437,0.2933727004272262
0.02274365542954716,0.15987970581564315,0.46139023022637066,0.32931923524943224,0.20929053452419707
0.016738220828986402,0.15583907178576664,0.3671723156287186,0.38822004356843354,0.24460764080284786
0.026925626474033043,0.17187384398942737,0.49454493963244156,0.38926026639745925,0.11619479397009921
0.02152697163443308,0.16946077569682044,0.4124278794170804,0.4490549991337116,0.138517121449208
0.018408426994482856,0.15823827542705968,0.3930131335681624,0.3819159844930881,0.22507088193874947
0.018413551208435925,0.15141098281650564,0.41138798065827703,0.312322908968145,0.27628911037357795
0.016731283014108225,0.1628783167356963,0.33172394416821854,0.4756908574487122,0.19258519838306926
0.017724273828986652,0.15694774676694073,0.38380042253937047,0.3808430857514928,0.23535649170913675
0.024749003384273792,0.16301923487132616,0.48372937286789625,0.3319988951677526,0.18427173196435115
0.02540596439646124,0.16084787683984225,0.49648405433019965,0.3032838013749425,0.20023214429485786
0.01688707658957591,0.16458338587229135,0.3242581955756055,0.4958110182294998,0.17993078619489472
0.01296310561686133,0.15460006091146464,0.25887978559125285,0.48190203861076586,0.2592181757979813
0.013373793293240446,0.15608629967245,0.2625755931641868,0.48972243093717893,0.24770197589863424
0.017726397410781455,0.16619587810414335,0.33871300839964597,0.4943480627433775,0.16693892885697653
0.02682547665160562,0.17031356312977278,0.4969321829139908,0.375081536120537,0.12798628096547215
0.02313978084353004,0.16068208084581742,0.46554089421865225,0.33148845373045915,0.2029706520508886
0.02101678627726763,0.1654682733348691,0.4179507066988674,0.41333180224179894,0.16871749105933365
0.021284806139439415,0.15761434339519254,0.4441700904582337,0.3284343456819935,0.22739556385977283
0.021747364886454144,0.16844900799204424,0.4207417699165777,0.4334170714385842,0.14584115864483807
0.013895509127607442,0.1579566281733559,0.2669206047086187,0.49985519228604475,0.23322420300533653
0.016495041862790993,0.14955352793062532,0.3818030954289792,0.3263263687594614,0.29187053581155936
0.02259216081979926,0.1651680705650755,0.4462818141937788,0.384059184551351,0.16965900125487018
0.013404086495483233,0.15006112488864284,0.30957835138858897,0.398984929314915,0.29143671929649606
0.02001910975112828,0.16794784815948957,0.38745697337680945,0.4612929819747218,0.15125004464846878
0.019796082580715378,0.15242836978893848,0.4315902487801995,0.3008454450360777,0.2675643061837228
0.012822446090007163,0.152356101716854,0.2748128138669515,0.44960598836240545,0.27558119777064305
0.019401819704344857,0.16415543385059517,0.39112706469937913,0.4288609970166908,0.18001193828393008
0.015938649934003794,0.1610947393066547,0.3194552112510188,0.47376642621699727,0.20677836253198392
0.019526945712336617,0.16000980954870178,0.408487785087468,0.38069526540044973,0.21081694951208224
0.01416448670859354,0.15614107815747233,0.2958037601251587,0.4584945006051445,0.24570173926969682
0.021471285371201822,0.1553893920746589,0.4513945891915249,0.3045771723108231,0.24402823849765198
0.01873873737697618,0.16498439068926182,0.372652953013861,0.4527804606234169,0.1745665863627221
0.020165684488615023,0.16812725984125795,0.38985424422164866,0.46037880159693734,0.149766954181414
0.01361424599103079,0.15632012306270407,0.2717777966122093,0.48274252635005427,0.24547967703773643
0.014727222745610821,0.15101004491947156,0.33999068477156785,0.37726117369999107,0.2827481415284411
0.020102962995256192,0.1709481335054469,0.3731730475614062,0.49778933265810094,0.12903761978049288
0.02014912385727514,0.16222034333181698,0.4128959447399972,0.39336370003265353,0.19374035522734928
0.025926494283211875,0.17001359375294484,0.48480356615814096,0.3843437999428342,0.13085263389902485
0.013113706261774261,0.1533723437655159,0.2780396376547987,0.4542868909191541,0.26767347142604714
0.01141620420454068,0.150414379136097,0.21976130913714936,0.48722041593392806,0.29301827492892263
0.01550080614307595,0.1605247068488832,0.30906813372262526,0.47930946048454565,0.2116224057928291
0.015525456364902171,0.1605082930052469,0.3100530384444234,0.47824621531112305,0.21170074624445356
0.02432071951778454,0.17340454480432282,0.4489963189734401,0.4443194024231094,0.10668427860345045
0.012541522708025254,0.1538505886200793,0.24452121870694193,0.48985829534470654,0.2656204859483515
0.016351660506347107,0.15747098510295704,0.3515576422802181,0.4155429018652327,0.23289945585454927
0.021616616545651102,0.1623171661721346,0.4381308110262459,0.3700692473052317,0.19179994166852238
0.02250950248008227,0.17206534011642563,0.42083086466494407,0.460925344446997,0.11824379088805892
0.022671819829401956,0.15866175429013357,0.46276873545238245,0.31871322983183786,0.21851803471577966
0.020862131781536775,0.16124616092301328,0.42844010662790916,0.3711265753500895,0.20043331802200134
0.01782118327610936,0.16429536128090289,0.3535329343990879,0.46573262455892767,0.18073444104198444
0.015863833542214833,0.16209982464122186,0.3091150013283645,0.491283196006336,0.19960180266529948
0.020811820925494752,0.15761168570417053,0.4367712796209822,0.3354605591172889,0.22776816126172889
0.012258921321781791,0.14969923368520024,0.27369240050686855,0.43040077095107787,0.2959068285420535
0.014068444891418633,0.15415107548226667,0.3064036115389323,0.43321539450255664,0.260380993958511
0.014520398566275012,0.15620204716008718,0.3075720419336094,0.4477518065563371,0.2446761515100535
0.01959823827989061,0.15390774748229935,0.42549488667490803,0.31793841720412475,0.2565666961209672
0.017580450166217468,0.1594375688768275,0.37144636770944056,0.41160655600145596,0.21694707628910348
0.019460703770071017,0.16137431538591612,0.4027899930206495,0.39653311064449,0.20067689633486052
0.018306212727650213,0.16248599295571278,0.37451232302987464,0.43194650284637126,0.19354117412375413
0.026107385155783775,0.17161393797266877,0.4832846031232884,0.39800128510776867,0.11871411176894295
0.01847952875838111,0.15979580345318461,0.3890434030966295,0.3975808420906979,0.21337575481267262
0.019267237679275327,0.1519902787455443,0.4241224609693926,0.3046149328585877,0.2712626061720197
0.019992327984911504,0.1686139690296971,0.38351860493978956,0.47012640835999203,0.1463549867002184
0.015026038245659063,0.15528598658827122,0.3281034446522086,0.42120840283741096,0.25068815251038046
0.013611490970608278,0.15537478651384418,0.2808670899404923,0.4668729983044259,0.2522599117550818
0.015657242881352524,0.16139062059955087,0.307603297392208,0.48731158808897396,0.20508511451881806
0.018360202450675676,0.1650936548061036,0.3628983629837818,0.4629042542475965,0.17419738276862165
0.013290319434755365,0.15265356635157667,0.2903157988236961,0.43711092650293704,0.2725732746733668
0.024371082664497414,0.16941475978449877,0.4627766421465072,0.4007526513165186,0.13647070653697418
0.013292308502750639,0.152664669069585,0.2903074773919208,0.43720356698980456,0.2724889556182746
0.02202601776914235,0.1657332763842756,0.4351167459468707,0.399005191436559,0.1658780626165703
0.013481888964793947,0.15598069156615973,0.26916846690079493,0.48263769390745753,0.24819383919174753
0.01798770755558256,0.16162823342013252,0.3711467456470375,0.42860699064697294,0.20024626370598958
0.011328928821994395,0.14986381503763987,0.22290645515916135,0.4800241545558368,0.29706939028500184
0.01706879814357795,0.15296504228294558,0.3834179595390043,0.3508187384113532,0.2657633020496425
0.02032861090597503,0.15810147351343143,0.4277699028322282,0.34777045579297045,0.22445964137480137
0.02404657193197709,0.16955896931134776,0.4571463700788126,0.4072151584333636,0.13563847148782382
0.01584530642946998,0.16210810833397574,0.30837666392918256,0.4920495807752485,0.1995737552955689
0.01271640686140667,0.15346769480122668,0.25921922601247954,0.47293864830593385,0.2678421256815866
0.02124172927561028,0.1571397225748704,0.44451170752175245,0.32448757190599437,0.23100072057225318
0.023676335317888715,0.17224778256204915,0.44188458933209945,0.44226622414394623,0.11584918652395429
0.018376835954247973,0.15368181838269007,0.4055135499554559,0.3352444055416869,0.2592420445028572
0.023417559924620603,0.1706677273533171,0.44297908584540663,0.4291678011449127,0.12785311300968064
0.017164148535284276,0.16039669072736493,0.3575174606155583,0.4321904274000853,0.21029211198435643
0.019219431534505078,0.16520616841924063,0.38259032621487793,0.44500848373174173,0.17240119005338037
0.014231939430204149,0.15798490779727414,0.2824361986765915,0.48529420215797714,0.23226959916543136
0.017493700924346663,0.154811345692311,0.38613272145881866,0.3623208048141856,0.25154647372699573
0.023170930823528727,0.1605365197646458,0.4662915819568238,0.3296628608493487,0.2040455571938275
0.015983223077960997,0.15807958272824765,0.3392357356274604,0.43192174608341094,0.22884251828912863
0.019033975521919825,0.15707808063696072,0.4081929135654356,0.35860658969357856,0.23320049674098586
0.01633446955583827,0.1512970662827418,0.3739195904168489,0.3471379186578403,0.27894249092531076
0.02478535173022977,0.1607959784365097,0.48834165170533633,0.31064248442176784,0.20101586387289583
0.02493089780134611,0.16880508625001878,0.4731240321859033,0.3862460912347996,0.14062987657929713
0.014897415269420643,0.15137866020641422,0.34258836328221093,0.377599778978276,0.27981185773951306
0.012083760440286341,0.1499730886122786,0.26422122534005216,0.4415104965920843,0.2942682780678635
0.012908368189779086,0.15258751163345702,0.27636013448578595,0.44989803890091357,0.2737418266133005
0.01623980252196707,0.1616652265943581,0.32497166372285186,0.4728655565047928,0.2021627797723554
0.013691837942540138,0.15078072173785495,0.3141480834808141,0.40012342578929816,0.2857284907298878
0.01284896059714208,0.15324429515893195,0.2678774141202533,0.4629881776107203,0.2691344082690264
0.017636907897463208,0.15878252777594482,0.375308050512654,0.4029307038158446,0.22176124567150143
0.02421970455376641,0.1649018580811326,0.47215021632122683,0.35739135305379527,0.17045843062497792
0.017407177015974475,0.15783805105568718,0.3740273816148943,0.396943898568023,0.22902871981708273
0.02134376288561831,0.16889554764635947,0.4111367489889359,0.44597187820677364,0.14289137280429046
0.018454664386773012,0.15469471273005098,0.40430343647110895,0.34412542249662154,0.2515711410322695
0.01250461297235898,0.15056575397413569,0.2766139454574957,0.4342300172964165,0.2891560372460878
0.014412324436950985,0.1586822625324249,0.28328924333414424,0.4898026932309418,0.226908063434914
0.016748983566719094,0.15521367887782728,0.3696938854348278,0.3810467103706085,0.24925940419456372
0.023009964155557113,0.15914982057143415,0.4667043676709797,0.3186890204615222,0.2146066118674981
0.015181981852912623,0.15039705536897316,0.35268678235306444,0.36049244588143325,0.2868207717655023
0.021332946263799234,0.16336708375029108,0.4303869272460253,0.38545539996159894,0.1841576727923758
0.024790548709901244,0.1732900629058155,0.4574274248332611,0.4354162584824725,0.1071563166842664
0.012337455302438273,0.1506154850155157,0.2694963546117864,0.44138813539246247,0.2891155099957511
0.019015138783267743,0.16776670757834475,0.36437715268827403,0.48189165244732357,0.15373119486440243
0.01410759791149683,0.1576475891440118,0.2803910918119052,0.484668135498084,0.2349407726900108
0.016807977048022938,0.1539299997830398,0.37529231368593746,0.3659202168738177,0.25878746944024483
0.02329846349793091,0.1610541042315929,0.46708422813114875,0.33285720177819433,0.20005857009065692
0.01981643453015769,0.15845105553282002,0.41818635781420294,0.35956500884020115,0.22224863334559591
0.026409000367035185,0.17224443032952833,0.4860578405087697,0.40017085038287636,0.11377130910835392
0.021608295812283136,0.16664362134632538,0.42472606608461866,0.4158471454401922,0.15942678847518918
0.015578007406482791,0.152344017276321,0.35457530814261423,0.3735494430150156,0.2718752488423702
0.015151769238766282,0.15601639947323165,0.32767376657720365,0.42719077391366445,0.24513545950913188
0.017478475566368386,0.15036501482124265,0.39768933431045955,0.3173883653389288,0.28492230035061167
0.02138724040129181,0.16537723860460696,0.42502864976165283,0.4058962909846479,0.16907505925369926
0.014386792410157303,0.15310976869724147,0.321765173406444,0.41064000625916125,0.26759482033439475
0.022629924162946978,0.16196192554164318,0.45511416395173737,0.35118407667070684,0.1937017593775558
0.0202388174918992,0.16465562835672368,0.40608431794438155,0.41843253762015237,0.1754831444354661
0.021752722992215975,0.1737686912714152,0.39665119420417266,0.4969504299954114,0.10639837580041592
0.02080742164179724,0.16303283899511162,0.4222156427264932,0.3906872470267545,0.18709711024675232
0.01735599656957752,0.16321386625983994,0.3474176311801927,0.46330476753190264,0.18927760128790463
0.017113636518929578,0.16079622623493822,0.35429850373208743,0.4383046153976432,0.2073968808702694
0.02032211901608635,0.16306954835767193,0.4132869620709872,0.39947085665274407,0.18724218127626874
0.02502152315031241,0.16138115561874006,0.490491708446749,0.31305979434694503,0.196448497206306
0.019376542448668283,0.15784105495347509,0.41216136588502367,0.360648710222138,0.22718992389283832
0.01829248115546012,0.1500230183578483,0.4122531032704337,0.3009086170452944,0.2868382796842719
0.017247954077280032,0.1648984050897587,0.3333961275703669,0.4895118602351401,0.177092012194493
0.016102872631058893,0.1557394223644115,0.35323875850712366,0.40072976912457847,0.24603147236829787
0.021907898683847883,0.1597340782848877,0.44912744829994694,0.3398869256231724,0.21098562607688065
0.01272553194388006,0.15018278496618995,0.2874333045843503,0.42100375007427354,0.29156294534137617
0.012354042509826958,0.1512028109802441,0.26503040314549303,0.45012280593137816,0.2848467909231288
0.015310089796775277,0.14863670106497892,0.3610242110721686,0.3391202792649136,0.2998555096629178
0.014199111785082413,0.15731348367068146,0.28738268370832926,0.47546019938746614,0.2371571169042046
0.013375910898152358,0.15544046957664245,0.26991939412005556,0.47780055443969516,0.2522800514402493
0.0190704166936345,0.15604756082148924,0.4116145534650623,0.3474848706537925,0.2409005758811452
0.014361283841091897,0.15910554833142157,0.27648293741682256,0.4995146248559894,0.22400243772718806
0.01733529021663671,0.16433441480029345,0.33987548660282,0.4790377116894663,0.18108680170771368
0.022653407989100833,0.15986904657764806,0.46008161797911856,0.33048420210490875,0.20943417991597268
0.015594594139074252,0.15419987770178145,0.34769724806037866,0.39426045886298394,0.2580422930766374
0.020304441607124732,0.16519845219974646,0.40531323278723846,0.42330872764890215,0.17137803956385939
0.014441680955395345,0.15025900928671818,0.3360923942172496,0.3752433262350459,0.28866427954770446
0.021453547382952177,0.17213121038731577,0.39855685740125674,0.4826413006773632,0.11880184192138002
0.011670758937380043,0.1507624469525146,0.23331730438752013,0.4769657408560341,0.28971695475644577
0.02445478189804933,0.16262104746835473,0.4804121185447168,0.332119961295439,0.18746792015984418
0.015696871264190723,0.15649130601260935,0.33982665624451697,0.4192401882894777,0.24093315546600536
0.019586692383030166,0.16653676424224717,0.38455864971111847,0.4532865226539782,0.16215482763490333
0.015192284349678209,0.1558028926304145,0.3299353728665387,0.42340777410006797,0.24665685303339335
0.015016077202091567,0.15726993321995839,0.31629575873184207,0.44759161994462104,0.23611262132353686
0.015369080415655935,0.15233437438205225,0.3498828841155284,0.3779448451093732,0.27217227077509837
0.02102877627881933,0.16866484824941075,0.40575693471280544,0.44933524583245377,0.14490781945474077
0.013799385223395518,0.15328483616329394,0.3032643413620241,0.42959564951741824,0.2671400091205577
0.012947549622235748,0.14912398411318417,0.3009752729738449,0.4000278271373676,0.2989968998887875
0.01630985073225031,0.15653725159482104,0.35470269968532614,0.40542308813396594,0.23987421218070792
0.01827499883889489,0.1564422733401186,0.39611658994500026,0.36525655969636867,0.23862685035863107
0.017232842661296013,0.1636087207517215,0.341609177179838,0.4718494283670631,0.18654139445309886
0.02349808447781244,0.16460609973016063,0.46204798899483907,0.3647558514024614,0.17319615960269952
0.019631411986773425,0.15391616520619736,0.42601090385533796,0.3175112003111105,0.2564778958335515
0.020569081024552613,0.15708254550914805,0.4341020295830001,0.33396528951530213,0.23193268090169777
0.019373756664209103,0.16552387763557552,0.3845521295123577,0.4455642644088119,0.1698836060788304
0.01208545641859677,0.15247290317233125,0.23525089139317484,0.4881752506904246,0.27657385791640055
0.011619426306154174,0.15147840862036518,0.21559485803811335,0.4993071630339161,0.2850979789279705
0.024137490726353537,0.17094099567924118,0.4543189583477843,0.42045299011816595,0.12522805153404978
0.023254997358784547,0.16602106873013073,0.4546005272034062,0.38264509112543554,0.16275438167115824
0.015288158001588656,0.15246241008996622,0.34751718381702595,0.38117482531248603,0.27130799087048807
0.015794758027245743,0.152050343783442,0.36036729043016585,0.36579249486017895,0.2738402147096552
0.020225494376743345,0.17011255107494067,0.3810225834962582,0.4839379662929859,0.13503945021075586
0.016333314687108635,0.15982636910547235,0.33914555373817784,0.4453358606004315,0.21551858566139065
0.018577496989308624,0.16122544205747283,0.3856799089511362,0.4116925169459915,0.20262757410287233
0.023196155363454506,0.16429731836793052,0.4581787269822764,0.3660848202749355,0.1757364527427881
0.019183497730768707,0.16042464053349598,0.4006986010383388,0.3912787607376444,0.2080226382240168
0.021906323408019495,0.15735363368773664,0.45409724363552445,0.3169906548148458,0.22891210154962977
0.016911893382077298,0.16013824198316462,0.3525711030902899,0.43492924730999205,0.21249964959971804
0.021038012059403078,0.1693886506718694,0.40276181501270475,0.45771045778445324,0.139527727202842
0.015187269762283273,0.16025507689323581,0.29992258030044777,0.48596220346953545,0.21411521623001678
0.016361581189055435,0.1594218942292413,0.3421278807108497,0.4394093465170461,0.2184627727721042
0.022386267385790443,0.16057936130708456,0.45455324284495374,0.3411691271526897,0.20427763000235657
0.013920015496564178,0.15500901439299736,0.2955901126744464,0.45006016800522325,0.25434971932033035
0.018136520432287917,0.1518848726075659,0.4056377677729474,0.3214151525345806,0.272947079692472
0.024138148896472846,0.16848745591264494,0.4617441092555599,0.3946605571387756,0.14359533360566445
0.012682097349011105,0.1537843196712298,0.2536857750886716,0.48062449817404473,0.2656897267372837
0.022233513770491983,0.1734799292151966,0.4087237595660698,0.48324944445333373,0.10802679598059642
0.022948990857687694,0.15994293054715783,0.4642662633101415,0.3270625676283833,0.20867116906147523
0.015008357990967872,0.15869430758223196,0.3061183480428971,0.4681525772648283,0.2257290746922746
0.02056256840867966,0.15809135377373196,0.4316390288663428,0.34400835594494217,0.22435261518871505
0.02243453650354588,0.17408103656106189,0.4100335199927179,0.486588586605611,0.10337789340167111
0.024611246558539634,0.161231906175342,0.48521152645921345,0.31694974866205755,0.197838724878729
0.011944591866019809,0.15222851047148345,0.22896679095734057,0.49229536205602537,0.27873784698663406
0.016322524199591182,0.16100293281355083,0.33184252569977907,0.46126847818948147,0.20688899611073944
0.01478214011228982,0.15231278954398153,0.33593193936848725,0.3910667741252366,0.27300128650627614
0.0190675953401309,0.16453491540216336,0.3822861344251535,0.44017643503308745,0.17753743054175905
0.022475171519833543,0.15970102849419313,0.45778802619458375,0.3313865752091049,0.2108253985963113
0.021345086990952437,0.17203907553193357,0.3966177721693453,0.4837850479856858,0.11959717984496893
0.023850031391661308,0.17201353611446094,0.44579061408580484,0.4367588641732062,0.11745052174098894
0.01962287341921382,0.16688994839914045,0.38367824249832544,0.4568198513997064,0.15950190610196815
0.019931611306281745,0.154746710979184,0.4290561717794223,0.32094812452041893,0.2499957037001588
0.022977096904124552,0.16654490871423064,0.4486433154478969,0.3923156036588574,0.15904108089324573
0.013522566077383658,0.1540626268504422,0.28830990508427595,0.44977263373196397,0.26191746118376
0.01889846016585833,0.1563307208618602,0.40783337813923554,0.353246543941037,0.23892007791972747
0.02178072490705299,0.17051077374946733,0.4130375496170408,0.45648599393729505,0.1304764564456641
0.019089422808601826,0.16294154270303393,0.38955365123292046,0.4210973261794562,0.18934902258762332
0.016266614336491715,0.15471714707084241,0.36106064726422155,0.3854802404944146,0.25345911224136386
0.016549752918095528,0.1524616842366152,0.37471391125576464,0.35526762161915204,0.2700184671250833
0.025973150506369058,0.16418589395398975,0.49815123043458426,0.3271655557262318,0.17468321383918395
0.02625886313530625,0.17373567212646088,0.4795631112237622,0.41773469732882057,0.10270219144741721
0.024051395517225918,0.16252981157110408,0.47488909119715866,0.33668384864206174,0.18842706016077962
0.01855599480054705,0.16771001830270738,0.35243108382486416,0.4928363225542801,0.15473259362085573
0.023868099085150255,0.1609479861495782,0.47544505517588215,0.32408480719639327,0.20047013762772461
0.01592496119089281,0.1515598674667782,0.36476226385120486,0.35786439901496236,0.2773733371338328
0.02588063468574947,0.16805915296181176,0.48886087890755153,0.36556703009327557,0.1455720909991729
0.019849259623645706,0.16128998474823927,0.410377587722173,0.3886633696705917,0.20095904260723535
0.021003974064652473,0.16282741114255692,0.4263040967573484,0.3852260347052605,0.18846986853739106
0.01244017196962836,0.1537377093254625,0.2395741806388822,0.4937084788651834,0.26671734049593443
0.019434399850580895,0.15943818564928475,0.4085508079279156,0.3762736724591359,0.2151755196129485
0.012042223107527204,0.15221413070408452,0.236358269074408,0.48514613395349027,0.2784955969721018
0.016587291868936694,0.1591457482111626,0.34938422126946295,0.43039150746238747,0.22022427126814959
0.02340424266598429,0.16964240239621686,0.446210174385893,0.4182671972347779,0.1355226283793291
0.01982172497395783,0.15737886560423764,0.42109663552956506,0.3486123529309483,0.23029101153948667
0.024949599329681795,0.16950668541402011,0.471527231031504,0.39312015620242446,0.13535261276607152
0.015201346507428845,0.15416469649294634,0.338213441700918,0.40302422482663713,0.25876233347244487
0.024374372876061427,0.1652331326576456,0.4736571013816205,0.35848389514719436,0.16785900347118518
0.012714656792196218,0.15432255368325706,0.24849046245962086,0.4896792203947395,0.26183031714563965
0.015769354859410393,0.15869073214487717,0.32995490621090545,0.4454237945425582,0.22462129924653632
0.019808795313653697,0.16587805692033525,0.39239677628006325,0.4407956044369312,0.16680761928300555
0.016438899425111488,0.16196422553071702,0.3290486365573407,0.4712641263560452,0.19968723708661415
0.021204682847310866,0.15727222451259348,0.4436630235373233,0.32630685150785127,0.23003012495482544
0.01199474640719689,0.14967472454599573,0.2629637493278763,0.44043153373141886,0.29660471694070484
0.020978519789815898,0.1598722227048659,0.43403695879125787,0.35531289302260977,0.2106501481861324
0.013804996754469015,0.15015148650669263,0.32031455783715895,0.3894494347548516,0.29023600740798944
0.01432008477422233,0.15757514417988214,0.28987480879528355,0.4750832517437354,0.23504193946098106
0.02121070041130775,0.161251534710378,0.4342784017517331,0.36560729271130127,0.20011430553696563
0.015709171853594005,0.15964807111762555,0.3222012668242465,0.4601128504162382,0.2176858827595153
0.02625804525039152,0.1724391667640004,0.4832748446703274,0.40430719118955916,0.11241796414011349
0.025556288496659876,0.16251661381640575,0.49562907513338167,0.31683076688873396,0.18754015797788437
0.015234397899532836,0.1496904140534568,0.35617868048134876,0.3517750529202156,0.29204626659843563
0.02582253307610475,0.17410504574281221,0.4716043120378484,0.42813288487135104,0.10026280309080055
0.022991659088291004,0.165555314966173,0.45167006688825045,0.38188224083713673,0.16644769227461284
0.021991230218122795,0.1576906126611178,0.4546927289886537,0.3189947226590242,0.22631254835232212
0.02261018537146491,0.16322239394469104,0.4517487143196653,0.3640068213508413,0.18424446432949346
0.01754035813860969,0.1518173941769514,0.39530317883563687,0.3307427558834999,0.27395406528086325
0.02551308472063946,0.1738829188901067,0.4673520901691976,0.4304877638548284,0.102160145975974
0.022512721297383857,0.16745175040057828,0.4380575259977008,0.40931664597349593,0.15262582802880326
0.02236131228620075,0.17159831154439492,0.4199106035595857,0.45823829026567925,0.12185110617473505
0.016281713939122353,0.1578693027110324,0.34796727325469107,0.42200152324224716,0.23003120350306178
0.022128741842358236,0.1643463635919403,0.44097870396328037,0.38284002931305544,0.1761812667236642
0.014335684749866474,0.15830800425068914,0.28370755046623625,0.4865486615915195,0.22974378794224426
0.01495866739737748,0.16028432474064222,0.2906060682569363,0.4950582441943575,0.21433568754870622
0.02429777147132447,0.16163214317907254,0.48014771482478064,0.32482629506600996,0.1950259901092094
0.021297993886048937,0.16652335256288034,0.4194325555498056,0.41997092015109194,0.1605965242991025
0.0194473717185263,0.1599773261399338,0.40712160945668613,0.3817485330611324,0.2111298574821815
0.025340234699005666,0.16069220848697496,0.49587783640946653,0.302673380691348,0.20144878289918547
0.015551326211694545,0.15937212411892376,0.31914051317154807,0.46092234156221323,0.21993714526623867
0.013288282951519455,0.15462808911776146,0.274069718854774,0.46764928342385254,0.2582809977213735
0.018563025314915896,0.1597547966072899,0.39086807711997434,0.3955301679248743,0.2136017549551514
0.017672529938402466,0.150109766220674,0.4016398917572071,0.3116783438510476,0.2866817643917453
0.016219474884148183,0.1492527252292219,0.3773607690908924,0.328261991914389,0.2943772389947186
0.016653056560304438,0.1570927399517231,0.3603152799224378,0.4043162241360379,0.2353684959415243
0.022082560650553702,0.1615798586380789,0.4475246824406662,0.3554969354504921,0.19697838210884175
0.01255004338635727,0.1501079445167109,0.281693655088816,0.42589904397270006,0.2924073009384839
0.02069299515729588,0.17153756116716823,0.38426147662431537,0.49172633217584594,0.1240121911998387
0.023375126000558823,0.16372998572585323,0.4622949206566645,0.3578358045316532,0.17986927481168233
0.019386704351393856,0.15706631222335793,0.41444440803814847,0.3525629861430959,0.23299260581875567
0.015895406696400403,0.14938351763739244,0.37070439092726887,0.335599369180559,0.29369623989217214
0.02314402476894769,0.17131387279566898,0.4357914381330991,0.44094336629058517,0.12326519557631571
0.017990099333332087,0.15310928304416926,0.40011275784157235,0.33601949552914917,0.2638677466292785
0.020150556838494798,0.16319234607339494,0.4096582650367702,0.40386372520490155,0.18647800975832826
0.014885585287070372,0.15128395867736086,0.3426793163843132,0.3767905708577687,0.28053011275791817
0.01628661486570388,0.15503734947901696,0.36028115328322324,0.38866580592144195,0.2510530407953348
0.0211840729084049,0.1705022521992334,0.4007022967222644,0.46816884234355305,0.13112886093418255
0.014113100120153824,0.15523198925423953,0.3006859446864078,0.44690832058998087,0.2524057347236113
0.012978641257050115,0.1490705481676706,0.302205165172214,0.398448776506412,0.299346058321374
0.02159803609032315,0.1665666490633095,0.4248062999938576,0.4151834227357262,0.16001027727041617
0.01979661966648904,0.16246331194773422,0.4054611366497651,0.40229836002971975,0.19224050332051518
0.02549130400253785,0.16741421712404567,0.4848006657480511,0.364512951184378,0.15068638306757093
0.02421193739960719,0.16344932824532935,0.475260100208355,0.3433465486340515,0.18139335115759347
0.02522543934511382,0.1727762106058836,0.4662534295319299,0.4230897675099757,0.11065680295809445
0.019200363136764462,0.15353112226537538,0.4198333314699903,0.32045667510209874,0.25970999342791096
0.02338786265306953,0.16898288978704448,0.4480588811895117,0.41147434829996354,0.14046677051052475
0.018531488529928603,0.154232631234903,0.40684471944795725,0.3381794039967414,0.2549758765553014
0.013979334950978504,0.1520347288216185,0.3158686875137063,0.4080530052885638,0.2760783071977299
0.016513147876896582,0.16095597728157784,0.337580715031685,0.4554452543719059,0.20697403059640906
0.015972347416777815,0.15143895236188004,0.36613611848546973,0.3556333656724108,0.2782305158421195
0.019444249401846525,0.1563664337419223,0.41724482191355255,0.3445557515053573,0.2381994265810902
0.017892963013615572,0.14934749166895192,0.4069886132050799,0.3007680568975496,0.2922433298973705
0.018990131881254004,0.1657569797810522,0.3746966179789161,0.45672907548612307,0.16857430653496083
0.016820393199198362,0.162497460051231,0.3368442120697264,0.4679084177045972,0.1952473702256764
0.02583575277367263,0.17287864446329815,0.4755761728194576,0.41499254228116705,0.10943128489937537
0.021447508050192285,0.17089778294270153,0.404442427685985,0.4676247655574171,0.1279328067565979
0.016131525643632405,0.15783414800661438,0.3443476240229519,0.4251805755434114,0.23047180043363671
0.014298594053434352,0.156971321760006,0.29415597144047007,0.4663987004108949,0.23944532814863506
0.018569215441900048,0.16066894606022636,0.3876462679402614,0.4055736495321575,0.20678008252758107
0.020485938030507286,0.1708788426168344,0.3830009175173373,0.4879007499549768,0.1290983325276859
0.016468054994485625,0.1573844385928809,0.35474342851504964,0.4118484552727377,0.23340811621221266
0.023118142046490233,0.16757668834127523,0.4479112755384848,0.4008854094460829,0.15120331501543227
0.017865931834869217,0.1666137491025312,0.33994082610698023,0.49636712641284975,0.16369204748017005
0.021387947104161045,0.17223898088211198,0.3965419694885038,0.485382547146284,0.11807548336521223
0.014967676855609773,0.15522093175194032,0.32683785243226143,0.42191735210324827,0.2512447954644903
0.012648964010209037,0.15356262742345853,0.2545947213834711,0.478067291179804,0.2673379874367249
0.02281921607839216,0.17129980614869694,0.4298770370035569,0.4464688031485771,0.12365415984786599
0.014605168093464961,0.15942203145736095,0.2841749443805239,0.4946037092196011,0.221221346399875
0.025007591147210052,0.16032078731774604,0.4921097379295368,0.303428052686849,0.2044622093836142
0.021959441036973726,0.16219167622812936,0.4440358746078981,0.36348786684381645,0.19247625854828543
0.016171175998046457,0.15119707590320444,0.3709485722706905,0.349204521222833,0.2798469065064765
0.015613365835456172,0.15958901127414404,0.3196198710026203,0.46212068958699215,0.21825943941038758
0.02212833284036034,0.1689950899759265,0.42582027905504466,0.4327470750223421,0.1414326459226132
0.011555393194982059,0.15119378602857014,0.21588661406878357,0.4968575893294713,0.28725579660174505
0.014004591935187178,0.15535780158174578,0.2960066012688532,0.4523248074377059,0.2516685912934409
0.015425137770268741,0.15802164153170692,0.32396563798688943,0.4460226080122289,0.2300117540008816
0.0126110771529189,0.14954180300201467,0.2876631601700343,0.415894056843876,0.2964427829860897
0.02120666772424769,0.15636790812556442,0.4455587651305812,0.31760132007656383,0.236839914792855
0.013245778074781313,0.15133082823058297,0.2975687501102328,0.420110669665823,0.2823205802239442
0.015672635554104124,0.14921457804576155,0.3667340459121227,0.3380916201281094,0.2951743339597679
0.019944447242589553,0.16288484770760955,0.4068142821379596,0.40422602646314243,0.18895969139889796
0.017465314665338568,0.15099884420681406,0.3959659056402603,0.3238659350469469,0.2801681593127928
0.025102775584687664,0.16329373479494041,0.4880761318973091,0.3299535946561027,0.1819702734465882
0.019457139647175464,0.1541831372341286,0.42260937636027157,0.32278778713163286,0.25460283650809556
0.01870947708906553,0.1625242953380765,0.3832219777741142,0.4239438397040228,0.19283418252186302
0.015727034545295716,0.15166346742875578,0.3602276567505545,0.36297355815579385,0.27679878509365163
0.023005054572804415,0.17064804930737168,0.43574169734461315,0.4359104111884776,0.12834789146690925
0.015635831452189032,0.16149580823628332,0.3059433733695977,0.4896950658750793,0.20436156075532297
0.021939559656924918,0.16483771483579146,0.4363720783113005,0.39097637468645713,0.1726515470022424
0.011280725015126591,0.1498145739703845,0.21983112908569552,0.4825773225065196,0.2975915484077849
0.02014148382001883,0.16981548848640443,0.38064781906739514,0.4820282555390784,0.13732392539352645
0.019988812053459225,0.15928825650633419,0.41887533473511035,0.3652968015855905,0.21582786367929913
0.01877122046907394,0.16830672270593694,0.3545018969299612,0.49541705699339234,0.1500810460766465
0.019028809366475545,0.15377436273699682,0.41644623215101434,0.325538445663152,0.2580153221858337
0.01541292343942253,0.15207867252230833,0.3518424625119348,0.37412753718916547,0.27403000029889973
0.013046733980665614,0.14951695901953366,0.3018550406749185,0.40218840656025767,0.2959565527648239
0.01208422602327075,0.14929459709970166,0.2698998729767052,0.43092527040623674,0.299174856617058
0.016651113731673193,0.15245045083333775,0.3767697342896988,0.35322398094236107,0.27000628476794014
0.019250766128017502,0.15201335345454078,0.42381422991150913,0.3050845497662739,0.27110122032221695
0.0168810635715794,0.16437322523471382,0.32568047875052225,0.4928529064037262,0.18146661484575155
0.019287277517584182,0.15993875867209084,0.40426247322943626,0.3841772468320546,0.21156027993850912
0.015073365354619324,0.15415840581893128,0.33497673695681957,0.4060588044396427,0.25896445860353773
0.013547571256091354,0.15673530658813278,0.2637756266700169,0.49353155548759514,0.24269281784238794
0.018558731938203153,0.15593566147480548,0.402820256468782,0.3550065902880285,0.24217315324318953
0.01635507137451406,0.1596438012475153,0.34074793275625287,0.4424167655988701,0.21683530164487705
0.01558577532571312,0.16132028439628168,0.30560116368417384,0.4886817084082337,0.20571712790759245
0.019039371459867522,0.15537259738369344,0.4128021790181084,0.34120373139368504,0.2459940895882066
0.011537992688588,0.15116337771451843,0.21483874096787542,0.4976235447537434,0.28753771427838126
0.015548044993371639,0.1615492266987259,0.3022076064405516,0.49366053232687285,0.20413186123257554
0.01866614319771258,0.1594570892302649,0.39394948031740745,0.3903239465674894,0.21572657311510313
0.026092364981129088,0.17046022581153522,0.4860912324941023,0.38652531582826355,0.12738345167763415
0.014651965050744604,0.1565653193817963,0.3093990321176581,0.4487836329452095,0.24181733493713234
0.017661186092818873,0.1663627565275522,0.3355074001060831,0.4986743313540016,0.16581826853991533
0.021220169282788956,0.15997825249175315,0.4377049186534144,0.35262861745766666,0.209666463888919
0.02191869643201531,0.17235303340809383,0.4075120415673101,0.4758050882171231,0.11668287021556686
0.019369923342378494,0.1558749951531494,0.4172062640665923,0.3408427274041579,0.24195100852924983
0.019546834675489275,0.15699864498748575,0.41738655385279017,0.3492446297569707,0.23336881639023918
0.016359370955929882,0.15435730269307985,0.3644247472364311,0.3795306698063544,0.2560445829572145
0.016326714851089,0.15501565797972616,0.3612576164881332,0.38757033103561667,0.25117205247625013
0.013367959594652121,0.15281036515306815,0.29194819413266776,0.43675266011069114,0.27129914575664105
0.015203198263862927,0.15329650254444688,0.3420883862701731,0.392709356025002,0.2652022577048249
0.02344219406091077,0.16857922644308077,0.45022440787661316,0.40633193196151396,0.14344366016187288
0.02122800451296883,0.16962380794769685,0.4056609559588596,0.45674365227113006,0.13759539177001034
0.02023781020071688,0.17036114473172406,0.3799359113986143,0.4868696976410949,0.1331943909602908
0.02096120920698217,0.1721401059703942,0.38725700796850165,0.4934709449700242,0.11927204706147418
0.018296370653202394,0.16633046743176566,0.3540762640604203,0.4807433148945905,0.1651804210449892
0.022616647579163558,0.17400855000369359,0.4142098134789454,0.4820580784661236,0.10373210805493097
0.022034459432788707,0.16400062029559298,0.4403942299436943,0.38075860145347334,0.17884716860283234
0.021999694322430714,0.17192761420832758,0.4111911125355671,0.46905519975874677,0.11975368770568615
0.026143107712612274,0.1648981599172958,0.49908198403433507,0.33171381300351493,0.16920420296214997
0.025535294334187206,0.16914311035402327,0.48126716921288587,0.3810698882919412,0.1376629424951729
0.02539587041899502,0.1694082568023922,0.4785268215660042,0.38570285009901456,0.13577032833498126
0.012195353722712162,0.1526751379749574,0.2395847806344929,0.48559081404277443,0.27482440532273267
0.020609561295600178,0.1600644913027386,0.427394999616377,0.36310560992390145,0.20949939045972155
0.020752039354243194,0.15454378493863088,0.442231970578948,0.3068513805799142,0.25091664884113785
0.022821908390024348,0.1685478919628256,0.43981909858845875,0.41600267152748993,0.14417822988405132
0.02173376970527984,0.1668516515315435,0.426284438563493,0.41595027973472976,0.15776528170177723
0.017716912762656654,0.16470920423666874,0.3482652141920997,0.47390718509148166,0.1778276007164186
0.013875440295909957,0.15776168053743705,0.26825580433650814,0.49709609458899867,0.2346481010744932
0.020288431343972162,0.16974955045544743,0.3844689756352753,0.4778859394812724,0.13764508488345228
0.01431877021895645,0.15744833749552,0.2909281141687727,0.4731125500649555,0.23595933576627182
0.023444023717014036,0.17195885768093636,0.4388003129740315,0.4429990948068936,0.11820059221907492
0.02435627352503206,0.17252744787519184,0.452707699070472,0.4340923784299874,0.11319992249954061
0.021067971398243998,0.16193341304114556,0.4300102103228222,0.3748750681271908,0.195114721549987
0.015009559447450325,0.15112419987883585,0.3461869141086948,0.37223101678577053,0.28158206910553474
0.025490850177984962,0.1708911360299715,0.47598169714381083,0.3994413580918685,0.12457694476432069
0.013753871877118995,0.1563458075523976,0.2778103762787328,0.4771931841988517,0.2449964395224155
0.01724868870166447,0.1550429287115404,0.3805741746495634,0.36938167420355883,0.25004415114687784
0.022688810678023506,0.15948363993350798,0.461391945182629,0.32629556329865733,0.21231249151871368
0.02113984378031266,0.16141675198088043,0.43265364785791766,0.36841530970041936,0.19893104244166301
0.02334893505004598,0.17032137782073972,0.44298069791564026,0.42652356995458574,0.13049573212977397
0.01967808240281527,0.16953176742959514,0.3708792048427955,0.4891668731326916,0.13995392202451287
0.025540508728282493,0.164854919831798,0.4910081075691289,0.339073297179157,0.16991859525171413
0.02318783319067624,0.163050793954264,0.46106109331333683,0.353828549896736,0.18511035678992718
0.017429462716638974,0.1636782183728073,0.3466546428200897,0.46757449592841765,0.18577086125149267
0.021524614129276413,0.16622663755345468,0.42464370598166307,0.4127439384213726,0.16261235559696438
0.01355776028248122,0.15560644973657065,0.27644081706695817,0.4728561226896624,0.2507030602433795
0.015573343786754006,0.1599827242727787,0.3155927324197388,0.46896014847379597,0.21544711910646525
0.014675556797504794,0.15173494132372678,0.33575886416037587,0.3868225441954954,0.27741859164412874
0.01326546596806882,0.15414116097180877,0.2775743550944279,0.4605962014550292,0.2618294434505428
0.020453434658502048,0.15395966922240706,0.4388026339131193,0.3056605325709763,0.2555368335159044
0.01467257029181258,0.1591437361723091,0.2897523723656044,0.4871684365538192,0.2230791910805764
0.01940355281086085,0.1674802544000903,0.3755992347939368,0.46901826865410823,0.15538249655195494
0.02393721070099558,0.16208966247681583,0.47416114045143515,0.33401873580892977,0.19182012373963506
0.023589893004418213,0.16641836147203287,0.4588147862639252,0.3816629077167212,0.15952230601935363
0.018524046798958166,0.15536211550615947,0.40376814385738163,0.3497276028901567,0.2465042532524617
0.01522993603024993,0.15312499365956495,0.3434590064242929,0.39009536545028584,0.2664456281254213
0.01660047420744292,0.15787625143097972,0.35569941490506146,0.4146905927998963,0.22960999229504225
0.024704292640219668,0.17148730692145078,0.46188588434713523,0.4174148203118174,0.12069929534104734
0.020121764949483433,0.165187664093792,0.4017213620589016,0.42664724480203864,0.17163139313905978
0.019305070038832656,0.15687284874076296,0.41353635016500506,0.35195165012295926,0.2345119997120357
0.019061326406997915,0.16892740174118448,0.358432351061798,0.4964096331932736,0.1451580157449284
0.01893346262897889,0.1616893174272915,0.3912366225632185,0.4099398392596312,0.19882353817715034
0.02229576182545967,0.17062313692011588,0.4226688663484586,0.448170651072808,0.12916048257873336
0.022528114447692607,0.1694073768643722,0.4316377475214986,0.4303524317822204,0.13800982069628104
0.022541271563968197,0.1742648079085261,0.4113881124214787,0.4867006989286974,0.1019111886498239
0.02201413591482469,0.17142681559505546,0.4137392843308075,0.4628072033910521,0.12345351227814041
0.013418511249686354,0.1553145715039318,0.27315043777140297,0.4737627475276539,0.2530868147009431
0.018858010081308673,0.15940853719236991,0.3978405532540679,0.38624770102427275,0.21591174572165933
0.02603868245373546,0.1651923941315413,0.4971159348833199,0.3358312908626902,0.16705277425398993
0.025297698150957677,0.17333218929684657,0.46564673573339316,0.4279097675672524,0.10644349669935443
0.023989095854086744,0.16552371718573342,0.46724140758177596,0.36681128549029535,0.1659473069279287
0.02118146135770316,0.15670164940916562,0.4444968577103742,0.32115915442602266,0.23434398786360314
0.026116309757277988,0.16783335803830346,0.4926860120332626,0.360201196151385,0.14711279181535236
0.022673072690514606,0.15896198276034407,0.4622018370961622,0.3215439191081159,0.2162542437957219
0.017226586412228198,0.15462410618178024,0.38147364733457473,0.36532935778928033,0.25319699487614494
0.0201467718326342,0.16207650503377366,0.4133194876033149,0.39186281902015796,0.19481769337652718
0.0176161242761432,0.16562856311070331,0.3393916921665892,0.4893730031679981,0.1712353046654127
0.02449469136212245,0.17085953895047004,0.46043888996494914,0.4140029529288366,0.12555815710621426
0.022372424848123042,0.1632154456964223,0.4480052335197368,0.36751902781751755,0.18447573866274566
0.017088187534070636,0.16048492634888661,0.355224184603721,0.4350477517541952,0.2097280636420838
0.022205980148595598,0.16316234639984017,0.4454775730814629,0.3695211702081495,0.18500125671038758
0.013083382357320771,0.15504783174232767,0.2598541713297187,0.48439060619549495,0.2557552224747863
0.01759038658754807,0.15361619062170662,0.3914661374137128,0.34812215499267724,0.26041170759361
0.019607043840255592,0.16780902529270164,0.37869788322519954,0.46857574099104166,0.1527263757837588
0.01723619660508214,0.15682344658801028,0.3741841549824459,0.3890530149974106,0.23676283002014353
0.016718003886083486,0.15990832295641869,0.3488404614955016,0.43672792739985,0.21443161110464842
0.02281896537446155,0.16420815930819296,0.45251645714684946,0.37079716618168057,0.17668637667146997
0.01890378547745192,0.16502401323633994,0.3763018917075082,0.44960760384587545,0.17409050444661633
0.018789396417055845,0.15160880454539638,0.41718291574960137,0.3083133266235975,0.2745037576268011
0.020763698057665356,0.16024717910277,0.4295006618410003,0.3624941495029824,0.2080051886560173
0.01606091945441257,0.15245585936871964,0.36467193137697734,0.3647869748546689,0.2705410937683538
0.02119255493394858,0.16638894238006943,0.41794603111176404,0.420361090121063,0.16169287876717298
0.02193450797091667,0.16043305426292745,0.44794153479525606,0.346349653435592,0.20570881176915198
0.021143783561980063,0.15695094113758704,0.44340187305544615,0.32410412888677215,0.2324939980577817
0.01784100182937299,0.15832392288259198,0.3813388816089381,0.3936878305322625,0.22497328785879944
0.020439549643726733,0.15956970410585178,0.42584536795368183,0.36080615450881953,0.21334847753749867
0.014697670516597264,0.15250080542670968,0.33296822994747927,0.3953239444800399,0.27170782557248085
0.01728420629447557,0.1496688211820887,0.39586253334748506,0.31381612127151703,0.2903213453809979
0.016059342371536254,0.1543756293275731,0.3577390888400693,0.3860378032818878,0.2562231078780429
0.016808983361466523,0.1548736004685936,0.3721536554186588,0.37610922414161785,0.2517371204397234
0.01461916251273933,0.15781368865565706,0.2991753138154007,0.468045749088696,0.23277893709590333
0.011559217253375506,0.1512698756107976,0.21444145353306804,0.4988145080338888,0.28674403843304314
0.020059740472162416,0.15696421258476506,0.4261026468387528,0.3406808582610561,0.23321649490019108
0.020006640417544984,0.1639267268779361,0.40426373349491257,0.41460480761998375,0.18113145888510368
0.025686593050314333,0.1611573119118128,0.49963725470876313,0.30264178439165706,0.19772096089957977
0.016131500256410972,0.15505920743213727,0.3566941823464717,0.39224875064747405,0.25105706700605424
0.020251027463629518,0.15586768121673267,0.4317304902254749,0.3269543139328744,0.24131519584165076
0.019293725917930056,0.15269312696125903,0.4231307385098027,0.3109222623953899,0.2659469990948074
0.014597724216456148,0.1510938086367088,0.33651836733985335,0.38120727425628886,0.28227435840385784
0.016756801607953523,0.15417543732809405,0.37344002112188096,0.36955702955958,0.25700294931853906
0.023569585488279136,0.16364111461483388,0.465425579800606,0.3541761229375862,0.18039829726180778
0.01517734761659718,0.1527470056188897,0.3437604647995281,0.3869241598399308,0.2693153753605411
0.019153180350940307,0.1625060968922655,0.3925889072728855,0.41488409081360633,0.1925270019135082
0.02335525570862651,0.17385675172452772,0.4296083635801549,0.46623453892260813,0.10415709749723692
0.021768701130802044,0.17371857629096743,0.3972872255810281,0.49596230097203325,0.10675047344693867
0.0221043919690208,0.17079484753604487,0.4182543957724926,0.4536850883027618,0.1280605159247456
0.011621250764055036,0.1505236263987091,0.23355846293665777,0.47491383128992154,0.2915277057734207
0.025382826133139507,0.1702890301805261,0.47599411546341824,0.39483537838298116,0.1291705061536006
0.019992264167664097,0.1637472128913642,0.4046451739752715,0.41287181360063996,0.18248301242408854
0.02185424910135632,0.15741003456559632,0.45321347724045263,0.31826268442001404,0.22852383833953333
0.017026866295482616,0.1542411326529232,0.37870817416198926,0.36504100166015996,0.2562508241778508
0.025429020714751557,0.17375337500771404,0.46641162733679314,0.4303950053081492,0.1031933673550576
0.0178862911066209,0.15479385789659056,0.39366595867949156,0.35501285324116133,0.2513211880793471
0.0173082191698899,0.1587100160830662,0.36840684340735624,0.40895001265948683,0.22264314393315693
0.01963281601273101,0.16882014462564607,0.3738489072236762,0.4809088003808184,0.1452422923955054
0.0213777558568468,0.17068363085118152,0.4039691238647601,0.4664415207270764,0.12958935540816352
0.021247178977588276,0.1695432878393598,0.4064121812849873,0.45541381921624874,0.13817399949876397
0.01994590900500151,0.16456435474119296,0.40063859662932827,0.42292251232082956,0.17643889104984217
0.01644961574513123,0.16123650168666936,0.33406960373110234,0.46092961335581106,0.2050007829130866
0.022814689867103596,0.1632149181464341,0.4549575263387489,0.36089376612942436,0.18414870753182672
0.0201605668720666,0.16484156384141652,0.4038416514556767,0.42198712615512624,0.17417122238919708
0.01942543869383997,0.16830196853568552,0.3716485234616252,0.47905064879225134,0.14930082774612344
0.017570396768036456,0.157574935685489,0.37845063639132287,0.39072366423278615,0.23082569937589098
0.024656185835436842,0.16050722565961095,0.4871038112602922,0.3096181565028211,0.20327803223688673
0.021197808230237963,0.172956342011075,0.3882588901539488,0.49874476706918297,0.11299634277686821
0.014403120387545968,0.15189353619397644,0.3281225190762039,0.3953053607318782,0.2765721201919179
0.017182493700490988,0.16081100616871147,0.3559334321568424,0.43686031247967017,0.2072062553634874
0.013800709360398188,0.14937802823699325,0.32366737440774856,0.38035467771920484,0.29597794787304665
0.01824150509036166,0.15952968119139443,0.38516774583094543,0.39924139665065916,0.2155908575183954
0.0158150184974939,0.15761906092521133,0.33718407912918497,0.43036185972921226,0.23245406114160277
0.018182564886264112,0.15037752990938624,0.40971143137009886,0.3060342320758674,0.28425433655403376
0.013307732205054889,0.15385370353845695,0.28175376374585653,0.45442246832302197,0.2638237679311215
0.016852661588407744,0.16415169962880793,0.32643646211391303,0.4904426500060939,0.18312088787999306
0.018531384457683483,0.15764157662269765,0.3972863820557527,0.3732933246522339,0.2294202932920134
0.017869775597421023,0.15861605706748416,0.38086213796692153,0.39637089756820265,0.22276696446487584
0.021137799776002546,0.164447790583557,0.4236059082616755,0.4001594641812986,0.1762346275570259
0.018057510329627675,0.1531902883409088,0.4011087949576935,0.3356889698767676,0.26320223516553887
0.01588677851911087,0.1593597368496727,0.329331413265979,0.45112219825915567,0.21954638847486532
0.01982736825226083,0.15799988633446094,0.41958302886378346,0.3547923601525223,0.22562461098369427
0.016802453302586205,0.1545819601708108,0.3730167085420513,0.3730620114561228,0.2539212800018259
0.025569041207124006,0.16175459169948514,0.49711474657149984,0.3096015041579497,0.19328374927055048
0.017952417609412106,0.16088023956898329,0.37362870553108024,0.42053591868955853,0.20583537577936123
0.017359840769138695,0.16267688106011338,0.3505980887145666,0.45617848503233505,0.19322342625309835
0.0167515798300205,0.1524502009944881,0.37875371098669947,0.35133257155051756,0.26991371746278303
0.017075860633846102,0.1528747614806756,0.38381561191809394,0.3497511662842534,0.2664332217976527
0.02699095163338361,0.17167724284212885,0.49596863595478063,0.3864042695431812,0.1176270945020382
0.02589914181960197,0.16542399129986093,0.49476992493372157,0.33983270691750894,0.16539736814876949
0.02501444254986454,0.17141949071669688,0.467060550877428,0.4119691154126244,0.12097033370994763
0.01295962803238449,0.15410941137242648,0.26422784449752684,0.47306491988608573,0.2627072356163874
0.014909907063353892,0.15283653472597897,0.336839295375379,0.3941988746360527,0.2689618299885683
0.019246478057991442,0.15616303261371497,0.41436931344319566,0.3457423537758937,0.23988833278091065
0.01810162867777148,0.1507907807264829,0.4074787436859382,0.3113137650934475,0.2812074912206143
0.017962756385643097,0.15096001206171217,0.40474543092808685,0.3152081811317779,0.28004638794013526
0.025528345675661677,0.16942684135113104,0.4804446130880254,0.3840181832954067,0.1355372036165679
0.013887428822409165,0.15312583023215626,0.3070224484771689,0.4248032593722336,0.26817429215059746
0.014158239514405977,0.15318124663468108,0.3148659369671199,0.4177560995064064,0.2673779635264737
0.019819852672832806,0.1608532691972079,0.4112246955633903,0.3845243982937425,0.20425090614286717
0.013227752917222916,0.1500907839999971,0.3042078756354886,0.4043259753177929,0.29146614904671847
0.01649632168838481,0.1616163965439873,0.33303441073689094,0.46481416366548245,0.20215142559762658
0.01519327001195873,0.15538828383480108,0.3321085044886997,0.4181745996176497,0.2497168958936506
0.016753341676103487,0.1605329719287964,0.3464686047613848,0.4437530002751875,0.20977839496342773
0.014330370193171928,0.1589896622975085,0.2763204329232695,0.49878516434345865,0.22489440273327183
0.023501716017853197,0.16246247023173652,0.4670666237298771,0.3436199995172289,0.189313376752894
0.015095879535971052,0.15426152889980876,0.33507102081848045,0.40675585389760455,0.258173125283915
0.019074504068632418,0.16676697367624033,0.3714726335086787,0.4675059354406322,0.1610214310506891
0.020581825907958137,0.16792182222116844,0.3997487618699089,0.44938792604855854,0.15086331208153259
0.014254094976960676,0.15149833469020307,0.32603386728123435,0.3942791111362718,0.27968702158249387
0.02142215773044643,0.15894171000168794,0.44337590414268674,0.33931870899809813,0.21730538685921516
0.016705727708732573,0.16181640772115588,0.3378110285715022,0.46179111383397703,0.20039785759452078
0.025232223185003785,0.16083532478407384,0.49422323348974734,0.3053411917956354,0.20043557471461723
0.019152833579309234,0.16860745206094024,0.3629003761272897,0.4897131066361211,0.14738651723658922
0.02322656993220434,0.1627997750953888,0.4622250125930228,0.35080474511187143,0.1869702422951058
0.015104536624454707,0.1539454902508886,0.33676512195201297,0.402731003433551,0.260503874614436
0.017630096797828718,0.15231308161922033,0.395670790793973,0.33417481422560497,0.27015439498042204
0.02319267669937589,0.16014089307448812,0.4674004025903595,0.32558815281587306,0.20701144459376747
0.020105946987428788,0.15824195813516156,0.4236907402701859,0.3527272930598569,0.22358196666995725
0.024087634025033545,0.1736970214579349,0.44379629204216425,0.4515034510806327,0.104700256877203
0.017071789965013184,0.162558060509257,0.34354816656953063,0.4619860842260034,0.194465749204466
0.014660863338144058,0.1503527021626822,0.34097116470150307,0.37131176442563757,0.28771707087285936
0.01910999585578445,0.16903034941624615,0.359091252179826,0.49656761314139813,0.14434113467877585
0.025352904799666714,0.1636294535255829,0.49084743363105926,0.32987583898123685,0.1792767273877039
0.025163670281884137,0.1644733456851848,0.4865745508629416,0.3403842707545933,0.1730411783824651
0.018629348682074755,0.1679486827719837,0.3529089275592498,0.49420227656112337,0.15288879587962684
0.02084717127465087,0.15605404872894382,0.4406938371066697,0.319839796910771,0.23946636598255927
0.02322826183974315,0.16781794315574122,0.449005176914451,0.40168440613298023,0.14931041695256875
0.011217558313150274,0.14949607373024915,0.2205441024408063,0.4794680978885242,0.2999877996706696
0.02107915887814415,0.1699438177677394,0.4010877380343691,0.46354082145661724,0.1353714405090137
0.011666955296696417,0.1501311414028932,0.24178548417402373,0.4640838508841426,0.29413066494183365
0.01696741320299565,0.16003069755673424,0.3544827416717314,0.4322880585476374,0.2132291997806312
0.011305238171730693,0.1502040963149623,0.2138774118087972,0.49121964438942994,0.29490294380177284
0.011750263961007586,0.15010279189225528,0.24681043598054436,0.45908186800113127,0.2941076960183243
0.016993116506901742,0.15778714775901473,0.36515457751137964,0.40500579541631554,0.22983962707230482
0.015768735287975056,0.15672906415606241,0.3405086759062205,0.42040477348681093,0.23908655060696854
0.015741606366019935,0.15804554138104204,0.3328745834280444,0.43772025069593784,0.22940516587601778
0.014428034293014234,0.15683986286197493,0.29988354531772826,0.45994081393186315,0.24017564075040856
0.015631134918329185,0.15820651355578197,0.32884728501658494,0.44278401642030163,0.2283686985631134
0.012233284482218306,0.15010788583893392,0.2694106343452684,0.43759672034725616,0.2929926453074755
0.017067518868696886,0.1582424826062464,0.3649443315314708,0.40868029907683623,0.22637536939169295
0.026692351006627583,0.16934446169480177,0.49731527761671596,0.36732230282412864,0.1353624195591554
0.014905863311697468,0.15988563601255665,0.2922610550476777,0.4904400137291156,0.21729893122320673
0.012396245732990616,0.1528870822763027,0.248959045209648,0.47828010104743507,0.2727608537429169
0.01818760291277144,0.16398480946139746,0.3645123068212644,0.4529065169863698,0.1825811761923658
0.020163504835666687,0.15885616772874772,0.42305888792564467,0.3580155636727349,0.21892554840162043
0.013044647478617185,0.15540533021712394,0.2531651557746743,0.4934888660451499,0.2533459781801758
0.016111698966918532,0.1489397040561087,0.3761160604264295,0.32705903386884333,0.2968249057047272
0.014287275554648492,0.15862569372866492,0.2783061211404116,0.49411689961588995,0.22757697924369846
0.01715407866258169,0.16126206980997534,0.35292671048677576,0.443165538487993,0.2039077510252312
0.016754791206180477,0.16400710512557093,0.32436069744490886,0.49131629378074476,0.18432300877434638
0.01670311902503929,0.16239137918604285,0.33411196039948493,0.46970115218265734,0.19618688741785772
0.014982062642541013,0.14983784588722965,0.3501831615730037,0.3586100010988702,0.29120683732812613
0.016367882453460183,0.1505108283212477,0.3768261005336601,0.3383707048637786,0.28480319460256126
0.014362055000108889,0.15502193621492322,0.3101904067911965,0.43625371049955414,0.25355588270924934
0.026818996107791763,0.1703112399586079,0.49684683804153057,0.37514509089035464,0.1280080710681148
0.018413319094429236,0.15234609922303166,0.4093193879093419,0.32142806917757855,0.26925254291307954
0.014205569807773478,0.15738286925509298,0.28701795089285326,0.4763369860593881,0.23664506304775865
0.023934946101240716,0.17011357147981784,0.45360152562916217,0.41482289632168035,0.1315755780491575
0.011962732525249115,0.15227198604660738,0.22959792586261135,0.49202600550898246,0.27837606862840625
0.02617100924465343,0.17126721243184986,0.4851526269364111,0.3935766485453732,0.12127072451821568
0.017810250365126564,0.15313257255968965,0.3968173947501062,0.33933564130515503,0.2638469639447388
0.024894950336740298,0.17315802817925044,0.45961478403671224,0.4323256139959447,0.10805960196734302
0.016842321787491427,0.1525360129089123,0.38027699039578017,0.3505365851626677,0.2691864244415521
0.023770213201688227,0.16817310749261433,0.45678545744003346,0.39698456347860767,0.1462299790813589
0.014055571827013657,0.1492870355991935,0.3305167673609997,0.3731371545738078,0.29634607806519253
0.016798724541227005,0.1595062588019348,0.3528829618599442,0.42981011773408845,0.21730692040596733
0.021533980908217402,0.17042238905882556,0.4084129088587944,0.4602160294521673,0.13137106168903834
0.011800515508177489,0.15186746970780163,0.22402384870342235,0.4942481377157497,0.28172801358082794
0.016852104068067347,0.1559732985305393,0.36913156971325606,0.3873782548791131,0.24349017540763085
0.021298536470684807,0.17121419457924117,0.39973855301797695,0.4745189151848648,0.12574253179715825
0.019559173172556572,0.16693764331498281,0.3819989512583007,0.4587830965831229,0.15921795215857643
0.019769965326759672,0.16712098786285284,0.3858719943655398,0.456493426043383,0.15763457959107718
0.02063227980040109,0.16123117630722503,0.42454089268531353,0.3747257805909015,0.20073332672378497
0.012033321730077842,0.15250615629168773,0.23085591078658813,0.49261467576289153,0.2765294134505204
0.014142131773164849,0.15030877716526786,0.3284353409819322,0.38291549950797643,0.2886491595100914
0.015540724460674357,0.1574140185368499,0.3308173306916174,0.4348609319844142,0.2343217373239684
0.023761808312364477,0.1692984332809004,0.45328741932283884,0.40890242575398267,0.1378101549231785
0.02433205258601666,0.16527898456916748,0.47292930549448414,0.35952689119184006,0.16754380331367583
0.014202217734514574,0.1567715946250561,0.2921689626699269,0.4667671449206574,0.24106389240941567
0.020000154712099486,0.1631417925071613,0.40697597290903936,0.40603256026812695,0.1869914668228337
0.025706881652801623,0.16239314090381038,0.4978362142306472,0.3137866122440968,0.18837717352525593
0.020514470302390946,0.15642630276360248,0.43469684717004825,0.3283915712373579,0.23691158159259387
0.02508295321360303,0.16447788548755082,0.48544058403159557,0.34149887933922624,0.1730605366291782
0.012720562040775442,0.1539474755191058,0.25377506196242366,0.4817843651686159,0.2644405728689604
0.013251177853589998,0.15040219232149774,0.3031988542259571,0.4076630383416447,0.2891381074323982
0.026088749913466186,0.16894074726793004,0.4897645168827068,0.37143311098234766,0.1388023721349456
0.017045139512059156,0.16317407110279206,0.33901024571988386,0.4710081648599775,0.18998158942013865
0.013571049864056104,0.14975641349233476,0.3158047202303638,0.39073005859484805,0.2934652211747881
0.01587132273867417,0.1587385929174581,0.33256264922251105,0.4433054122966299,0.22413193848085902
0.023193239541836747,0.1664458660063388,0.45243566285171327,0.3879481315577114,0.15961620559057532
0.01768854622590924,0.16264956945846865,0.3591288797720818,0.4478455244194155,0.19302559580850268
0.014563644387163574,0.15339428812104905,0.3251858442905215,0.40955314534604903,0.2652610103634295
0.021286488417419522,0.164504736329687,0.4260720239472216,0.3982452848401624,0.17568269121261598
0.019820637612951796,0.17055606150912683,0.3683182432125351,0.4994213946998107,0.13226036208765424
0.015840439121132102,0.15320332386822078,0.3572654175121526,0.3775440628430412,0.26519051964480617
0.013409532434184714,0.1566254593192955,0.25767401473774204,0.4985044688051086,0.24382151645714933
0.021494988150475743,0.16333277453878658,0.4332565254299838,0.38246066305133875,0.18428281151867748
0.023822606379745766,0.17107684896136544,0.4485643355574885,0.4269701672585001,0.12446549718401137
0.020548738012507804,0.1581642382094667,0.4312372760460816,0.34494709652180566,0.22381562743211275
0.01697695741338933,0.14873351871579982,0.39254404022243633,0.30984010336628576,0.2976158564112779
0.02014558410064078,0.15877474944394068,0.42296978857341333,0.3574791872445232,0.21955102418206346
0.018622595380707548,0.1574452652579962,0.3996056355133269,0.3695866266592469,0.23080773782742622
0.024044252850464465,0.17344417327987685,0.44397882140548933,0.4494003461221682,0.10662083247234244
0.015598315017180139,0.15061368084511403,0.3609471116579747,0.354278342470264,0.28477454587176126
0.014215734081451614,0.15255011845853578,0.3198729551342852,0.4081719098829345,0.2719551349827803
0.01969109471344438,0.15713215507037429,0.4195080398405449,0.34824286614149724,0.23224909401795785
0.014666564293346417,0.15716946651929642,0.3056880066438184,0.4569276737147672,0.23738431964141438
0.024088555872116932,0.16923637044312437,0.45878964137515693,0.4031886619752619,0.1380216966495812
0.015053066257457543,0.15878895888879271,0.3069447706817641,0.46808771031906393,0.22496751899917197
0.012081292834445043,0.1512580667209555,0.25130636151673685,0.4636149410474485,0.2850786974358147
0.014258315783539375,0.1587361785922002,0.27574731433683036,0.4973968754961714,0.22685581016699824
0.016729595121076326,0.1523094002928753,0.37873828404122517,0.35027293463789383,0.270988781320881
0.014011867296376646,0.15723106944741141,0.28035087558722477,0.48152833254124616,0.2381207918715291
0.021696881292101768,0.17336071369643055,0.39758399753192725,0.49294911862484575,0.109466883843227
0.01834536148622036,0.15719847262623657,0.39513449958882013,0.3719617920016532,0.23290370840952668
0.01435703576959706,0.15072342430003974,0.3321005085361974,0.38258867726809415,0.2853108141957085
0.013611731808701424,0.15446516498293503,0.2885028826775096,0.4526602682477562,0.25883684907473425
0.02556308270464895,0.16286514798008966,0.4950981530376986,0.31999577230146947,0.18490607466083192
0.017120899003057532,0.15421500417812237,0.38066474158858027,0.36297823870587087,0.25635701970554886
0.01574557913618253,0.15135657625030594,0.36164694854480145,0.3592802275681443,0.27907282388705423
0.017743324181472266,0.158630910965551,0.37815690682363884,0.3990606475267404,0.22278244564962074
0.022415455640663,0.1675508423142724,0.4360451277375325,0.41198930254249466,0.15196556971997283
0.021364102107854097,0.16565320774882866,0.42368618237225725,0.40928051592405906,0.1670333017036837
Slope : 0.35839181580185847